boundary,L,h,h_index,sample,seed,Bott,Bott_round,absB_is_1,gap,near_zero_E,Wimp,fmask,Wimp_over_fmask,IPR,L2IPR,runtime_sec
left_impurity_boundary,24,-3.49,0,0,44260710,-3.1584674961755758e-15,0,0,0.056443166441445314,-0.028221583220722657,0.7779067241905859,0.22743055555555555,3.420414298731126,0.016019718181672228,9.227357672643203,5.097323179244995
left_impurity_boundary,24,-3.49,0,1,44260711,-4.3511755017243943e-16,0,0,0.032336764634075976,-0.016168382317037988,0.8121202958819566,0.2534722222222222,3.203981441287719,0.013977771830714546,8.051196574491579,5.090930461883545
left_impurity_boundary,24,-3.49,0,2,44260712,5.59026659637789e-15,0,0,0.019817335498850674,-0.009908667749424893,0.7883691946144495,0.2465277777777778,3.1978919443515696,0.014564769703417487,8.389307349168472,5.124887704849243
left_impurity_boundary,24,-3.49,0,3,44260713,-4.770832022195275e-16,0,0,0.05426638489196822,-0.027133192445983667,0.7844488781073519,0.22395833333333334,3.5026554557351526,0.01667160972765002,9.602847203126412,5.15951943397522
left_impurity_boundary,24,-3.49,0,4,44260714,-1.8950804977053456e-15,0,0,0.04568694144290131,0.02284347072145021,0.7779260676802731,0.2361111111111111,3.2947456984105683,0.016460699447719572,9.481362881886474,5.14163613319397
left_impurity_boundary,24,-3.49,0,5,44260715,-1.6543301780667875e-15,0,0,0.05719576523003678,-0.028597882615017944,0.7807111552963344,0.2378472222222222,3.2824060251875085,0.01757793449007133,10.124890266281087,5.162208080291748
left_impurity_boundary,24,-3.49,0,6,44260716,1.7802271342080518e-15,0,0,0.014943533404956355,-0.007471766702477289,0.7921673034462489,0.2152777777777778,3.6797448934277366,0.02384218260924345,13.733097182924228,5.095198631286621
left_impurity_boundary,24,-3.49,0,7,44260717,1.013801804716496e-15,0,0,0.03141387442353771,-0.015706937211768413,0.7503211890768003,0.2326388888888889,3.225261230658485,0.0202029153663495,11.636879251017312,5.052318811416626
left_impurity_boundary,24,-3.49,0,8,44260718,7.067899292141149e-17,0,0,0.013106723598673042,-0.006553361799335633,0.7968874814120364,0.2569444444444444,3.1013999276576554,0.013975450766381464,8.049859641435724,5.056241512298584
left_impurity_boundary,24,-3.49,0,9,44260719,7.288771145020559e-17,0,0,0.044792146454330745,-0.022396073227164828,0.7552438041827908,0.24479166666666666,3.085251285172252,0.01582863288102656,9.117292539471299,5.080442190170288
left_impurity_boundary,24,-3.49,0,10,44260720,1.175038257318466e-15,0,0,0.02074767608722361,-0.010373838043610917,0.7715598774935275,0.22743055555555555,3.39250755294864,0.023791260658157013,13.70376613909844,5.076456308364868
left_impurity_boundary,24,-3.49,0,11,44260721,-5.10655723857198e-15,0,0,0.04560968517807623,-0.02280484258903795,0.788911441102983,0.25,3.155645764411932,0.012885635147962673,7.4221258452265,5.1181066036224365
left_impurity_boundary,24,-3.49,0,12,44260722,-8.547740706433202e-16,0,0,0.031946417806202554,-0.015973208903100833,0.7929963711458305,0.2361111111111111,3.3585728660294,0.016322306763530785,9.401648695793732,5.14666748046875
left_impurity_boundary,24,-3.49,0,13,44260723,9.166181894495552e-16,0,0,0.03909516575069727,-0.019547582875347302,0.7985105102011203,0.24131944444444445,3.3089356393945706,0.01638811918134299,9.43955664845356,5.114258289337158
left_impurity_boundary,24,-3.49,0,14,44260724,6.588607371392827e-15,0,0,0.022314677509672087,-0.0111573387548356,0.7737509572641817,0.25,3.095003829056727,0.015795312865913277,9.098100210766049,5.14275050163269
left_impurity_boundary,24,-3.49,0,15,44260725,-4.91881616362448e-15,0,0,0.015300358518242518,-0.007650179259120371,0.8056182990834833,0.2309027777777778,3.4889935358803483,0.025908140190737568,14.923088749864839,5.165539741516113
left_impurity_boundary,24,-3.49,0,16,44260726,3.944771292426278e-15,0,0,0.03623650214297225,-0.01811825107148568,0.795173680419924,0.2552083333333333,3.1157825845025595,0.01508631618592683,8.689718123093854,5.096714019775391
left_impurity_boundary,24,-3.49,0,17,44260727,-1.117611575569819e-15,0,0,0.04768636628174594,0.023843183140872526,0.7708011751798642,0.22743055555555555,3.3891715794168076,0.017311344767034092,9.971334585811636,5.139346599578857
left_impurity_boundary,24,-3.49,0,18,44260728,-1.5748163110301996e-15,0,0,0.036810574747370595,0.01840528737368441,0.7591567955299428,0.22916666666666666,3.3126841986761137,0.021121823625701187,12.166170408403884,5.1904075145721436
left_impurity_boundary,24,-3.49,0,19,44260729,-1.641077866894023e-15,0,0,0.052326007377713424,-0.026163003688855824,0.7388485921043797,0.234375,3.1524206596453532,0.02000487834907763,11.522809929068716,5.1439597606658936
left_impurity_boundary,24,-3.49,0,20,44260730,-2.104908757940786e-15,0,0,0.02876155793984303,-0.014380778969920627,0.7688799167463827,0.2586805555555556,2.972314309032996,0.018219047580562312,10.494171406403892,5.0979344844818115
left_impurity_boundary,24,-3.49,0,21,44260731,-7.067899292141149e-16,0,0,0.011959572650154904,-0.00597978632507612,0.813520738129002,0.234375,3.4710218160170756,0.014809291891141718,8.53015212929763,5.1342549324035645
left_impurity_boundary,24,-3.49,0,22,44260732,4.125886211787395e-15,0,0,0.022844098740873342,0.011422049370436227,0.8073638117351044,0.2517361111111111,3.2071831417891046,0.013190924810270798,7.59797269071598,5.1838884353637695
left_impurity_boundary,24,-3.49,0,23,44260733,2.80065509451093e-15,0,0,0.026953211155233525,-0.013476605577616318,0.7598859466621991,0.2378472222222222,3.194848943630852,0.018985670026047202,10.935745935003188,5.091946363449097
left_impurity_boundary,24,-3.49,0,24,44260734,5.256750098529979e-16,0,0,0.05430001821225834,-0.027150009106128838,0.7460980102231743,0.234375,3.183351510285544,0.02265827620566675,13.051167094464047,5.138001203536987
left_impurity_boundary,24,-3.49,0,25,44260735,-3.3970090972853396e-15,0,0,0.006208840244767089,-0.003104420122381768,0.7509018677545957,0.2204861111111111,3.4056651639893474,0.013844129409571988,7.974218539913465,5.086544990539551
left_impurity_boundary,24,-3.49,0,26,44260736,-3.626715824279927e-15,0,0,0.024206065121468612,-0.012103032560734306,0.800647427236782,0.23958333333333334,3.3418327397709158,0.019469985471234935,11.214711631431323,5.0904951095581055
left_impurity_boundary,24,-3.49,0,27,44260737,7.69738407284747e-15,0,0,0.033526271609474634,-0.01676313580473643,0.7759949403441165,0.2517361111111111,3.082573004401456,0.014124249300689706,8.135567597197271,5.115606069564819
left_impurity_boundary,24,-3.49,0,28,44260738,-1.6565388965955817e-15,0,0,0.02952615667289365,-0.014763078336446448,0.7475479276398745,0.2309027777777778,3.2375007994027647,0.02628518407648241,15.140266028053869,5.064229726791382
left_impurity_boundary,24,-3.49,0,29,44260739,-1.970176927684345e-15,0,0,0.03273486864888575,-0.016367434324441987,0.7880617125585009,0.22395833333333334,3.518787181656562,0.019513448319496557,11.239746232030017,5.130348205566406
left_impurity_boundary,24,-3.49,0,30,44260740,8.459391965281437e-16,0,0,0.040798053379812266,-0.020399026689905606,0.792518861221442,0.25,3.170075444885768,0.013896423888202867,8.004340159604851,5.161270618438721
left_impurity_boundary,24,-3.49,0,31,44260741,4.74653611837854e-15,0,0,0.016698021030141064,0.008349010515069644,0.7278057998325639,0.2204861111111111,3.300914493728794,0.021932052677783097,12.632862342403063,5.147214889526367
left_impurity_boundary,24,-3.49,0,32,44260742,5.3274290914513905e-15,0,0,0.03365454761472453,-0.01682727380736182,0.750265445832743,0.234375,3.2011325688863703,0.0205052158157014,11.811004309844005,5.042922735214233
left_impurity_boundary,24,-3.49,0,33,44260743,4.041954907693219e-15,0,0,0.030301475720047044,-0.015150737860020413,0.7793990230374476,0.24131944444444445,3.229739836471725,0.020186870942623607,11.627637662951198,5.10140323638916
left_impurity_boundary,24,-3.49,0,34,44260744,1.033680271475643e-15,0,0,0.015425984238506274,-0.007712992119253137,0.7542873475596371,0.25,3.0171493902385484,0.012788260804382067,7.366038223324071,5.079041957855225
left_impurity_boundary,24,-3.49,0,35,44260745,1.1396987608577602e-15,0,0,0.02304062065325052,0.011520310326624816,0.8199367688719457,0.2517361111111111,3.2571281301395913,0.018243270813667504,10.508123988672482,5.043867349624634
left_impurity_boundary,24,-3.49,0,36,44260746,-1.0043043150426813e-14,0,0,0.036391167076240405,-0.01819558353811966,0.7801751868991014,0.2586805555555556,3.0159792459992105,0.015910528509818757,9.164464421655603,5.104816675186157
left_impurity_boundary,24,-3.49,0,37,44260747,6.670329956958208e-16,0,0,0.03196962506318446,-0.015984812531590897,0.7914697085940391,0.23958333333333334,3.303525740218598,0.014615475541621084,8.418513911973744,5.151359796524048
left_impurity_boundary,24,-3.49,0,38,44260748,2.559904774872372e-15,0,0,0.020056833955997888,-0.010028416977998056,0.767367067962408,0.24305555555555555,3.1571673653310497,0.014261628995212338,8.214698301242306,5.019162654876709
left_impurity_boundary,24,-3.49,0,39,44260749,-1.179455694376054e-15,0,0,0.03627967843039315,-0.018139839215195686,0.7769139074867173,0.24131944444444445,3.219441803685965,0.016273762151274934,9.373686999134362,5.025554180145264
left_impurity_boundary,24,-3.49,0,40,44260750,-5.786842545440565e-15,0,0,0.058792434407305194,-0.029396217203649933,0.7979905987720366,0.24305555555555555,3.2831613206620935,0.017757931687641264,10.228568652081368,5.143193483352661
left_impurity_boundary,24,-3.49,0,41,44260751,4.868015637462216e-15,0,0,0.014002569064489379,-0.007001284532243801,0.8025578857748433,0.24131944444444445,3.3257074978871204,0.017434690162203927,10.042381533429461,5.090323448181152
left_impurity_boundary,24,-3.49,0,42,44260752,-6.436205792906033e-15,0,0,0.02639517068947228,-0.01319758534473614,0.8181639196232976,0.2569444444444444,3.1842055250204018,0.013109428598460825,7.551030872713436,5.097526788711548
left_impurity_boundary,24,-3.49,0,43,44260753,1.8001056009671987e-15,0,0,0.02103126934635659,-0.010515634673177045,0.7949370860032707,0.24305555555555555,3.270598296699171,0.014582114511675641,8.39929795872517,5.095237970352173
left_impurity_boundary,24,-3.49,0,44,44260754,2.1800051879197854e-15,0,0,0.039661397640949225,-0.01983069882047417,0.7882104004061024,0.2326388888888889,3.388128288312798,0.013868776371498817,7.988415189983319,5.080149412155151
left_impurity_boundary,24,-3.49,0,45,44260755,-4.576464791661393e-15,0,0,0.052047436629424126,-0.026023718314712063,0.7945541917654386,0.2309027777777778,3.441076800427764,0.016270247466269715,9.371662540571355,5.078276634216309
left_impurity_boundary,24,-3.49,0,46,44260756,2.7896115018669593e-15,0,0,0.04102834993467841,0.02051417496733876,0.7981901668050373,0.2378472222222222,3.355894423939427,0.013342785658604637,7.685444539356271,5.117064714431763
left_impurity_boundary,24,-3.49,0,47,44260757,-1.524015784867935e-16,0,0,0.0410088086744782,-0.0205044043372391,0.7735206353142976,0.24131944444444445,3.2053804743959384,0.018889789746175733,10.880518893797221,5.0944554805755615
left_impurity_boundary,24,-3.49,0,48,44260758,1.987846675914698e-17,0,0,0.0005662641677065866,-0.0002831320838529804,0.784435768453317,0.2326388888888889,3.371903004694855,0.018839962705380603,10.851818518299227,5.092531442642212
left_impurity_boundary,24,-3.49,0,49,44260759,1.2700131540566126e-15,0,0,0.04590174563545381,-0.022950872817725537,0.7577687760340901,0.23958333333333334,3.1628609782292454,0.014852378791972588,8.554970184176211,5.162472724914551
left_impurity_boundary,24,-3.49,0,50,44260760,-3.0524490067934586e-15,0,0,0.005798030276104704,0.002899015138051908,0.8176842562834081,0.22743055555555555,3.595313981826283,0.01911476703181948,11.01010581032802,5.069160461425781
left_impurity_boundary,24,-3.49,0,51,44260761,-6.36994423704221e-15,0,0,0.025012612111589227,0.01250630605579417,0.7802742066032624,0.24479166666666666,3.1875031418686466,0.01482026850712282,8.536474660102744,5.156133413314819
left_impurity_boundary,24,-3.49,0,52,44260762,-6.694625860774944e-15,0,0,0.028311873521324138,0.014155936760661625,0.7670716615586524,0.2309027777777778,3.3220547147201787,0.015801447533706874,9.10163377941516,5.10938572883606
left_impurity_boundary,24,-3.49,0,53,44260763,2.7851940648093712e-15,0,0,0.03107284219736428,-0.015536421098681252,0.7595372252410211,0.23958333333333334,3.1702423314407837,0.015672935701794795,9.027610964233801,5.100526809692383
left_impurity_boundary,24,-3.49,0,54,44260764,1.985637957385904e-15,0,0,0.03622644002818486,-0.018113220014091706,0.791748147872243,0.24131944444444445,3.280913188305122,0.01688886164891698,9.727984309776181,5.232605695724487
left_impurity_boundary,24,-3.49,0,55,44260765,-2.6902191680712247e-15,0,0,0.009324208290714786,-0.004662104145356949,0.7918786987903974,0.24131944444444445,3.28145417628251,0.01566950483123104,9.025634782789078,5.178552150726318
left_impurity_boundary,24,-3.49,0,56,44260766,-2.0408559206057566e-15,0,0,0.02486641737110773,0.012433208685552977,0.8178963605578395,0.2309027777777778,3.5421676968519966,0.038199513678120404,22.002919878597353,5.201229572296143
left_impurity_boundary,24,-3.49,0,57,44260767,-3.514071179311427e-15,0,0,0.033065765509205036,-0.01653288275460163,0.8032518112791293,0.2204861111111111,3.6430948291084917,0.01752464767572777,10.094197061219194,5.144383907318115
left_impurity_boundary,24,-3.49,0,58,44260768,-2.336824203464167e-15,0,0,0.03155508174767547,-0.015777540873837387,0.7993710124402744,0.2534722222222222,3.1536828983945075,0.014650259902347711,8.438549703752281,5.248866081237793
left_impurity_boundary,24,-3.49,0,59,44260769,1.7316353265745813e-15,0,0,0.04287415714977971,-0.021437078574889412,0.7808834479964724,0.24305555555555555,3.212777614614058,0.016056119677044033,9.248324933977363,5.221029281616211
left_impurity_boundary,24,-3.49,0,60,44260770,-6.648242771670268e-16,0,0,0.03353635281079608,0.016768176405397132,0.7729347713603036,0.2326388888888889,3.3224658828622005,0.021755270639355895,12.531035888268995,5.1105263233184814
left_impurity_boundary,24,-3.49,0,61,44260771,9.718361526694078e-16,0,0,0.016556551090626037,-0.008278275545312574,0.7825570280909808,0.24305555555555555,3.219663201288607,0.016285644688592144,9.380531340629075,5.188415288925171
left_impurity_boundary,24,-3.49,0,62,44260772,-6.186620599152299e-15,0,0,0.025025085496495514,-0.012512542748245536,0.7786661555594734,0.2222222222222222,3.5039977000176306,0.01743259281748044,10.041173462868734,5.225576400756836
left_impurity_boundary,24,-3.49,0,63,44260773,2.0143512982602275e-15,0,0,0.028858048900708866,-0.014429024450353545,0.7785678426483605,0.2222222222222222,3.5035552919176225,0.01892438084098861,10.900443364409439,5.210639238357544
left_impurity_boundary,24,-3.49,0,64,44260774,1.0623936123499664e-15,0,0,0.0352132509438182,-0.017606625471908898,0.7893246846797364,0.2517361111111111,3.135524264658815,0.023215959693680562,13.372392783560004,5.129647970199585
left_impurity_boundary,24,-3.49,0,65,44260775,-6.299265244120798e-15,0,0,0.05606001914957037,-0.028030009574784742,0.7510441675266718,0.2152777777777778,3.488721294317443,0.016638314010496084,9.583668870045745,5.17084264755249
left_impurity_boundary,24,-3.49,0,66,44260776,-6.4582929781939745e-15,0,0,0.023226950773570287,-0.0116134753867847,0.7893544242962236,0.2482638888888889,3.1794975412211524,0.026538273420401458,15.28604549015124,5.106206178665161
left_impurity_boundary,24,-3.49,0,67,44260777,-2.109326194998374e-15,0,0,0.04597464080449676,-0.02298732040224749,0.7537231953381306,0.2378472222222222,3.1689383979179797,0.018347658637681306,10.568251375304433,5.125660419464111
left_impurity_boundary,24,-3.49,0,68,44260778,9.066789560699817e-15,0,0,0.024182998146075718,-0.012091499073037859,0.8024773662057958,0.2222222222222222,3.611148147926081,0.030174591302196862,17.380564590065394,5.210556268692017
left_impurity_boundary,24,-3.49,0,69,44260779,4.479281176394453e-15,0,0,0.03404950242895216,0.01702475121447558,0.7944642402053781,0.2569444444444444,3.0919689348533637,0.013509592880150755,7.781525498966835,5.178210258483887
left_impurity_boundary,24,-3.49,0,70,44260780,2.3478677961081378e-15,0,0,0.027392308155861578,-0.013696154077930345,0.7957082630694686,0.2222222222222222,3.580687183812609,0.014134441948029904,8.141438562065225,5.172863006591797
left_impurity_boundary,24,-3.49,0,71,44260781,2.8492469021444005e-16,0,0,0.03922128497904254,-0.01961064248952038,0.7871036624592197,0.24131944444444445,3.2616669753705794,0.01682157862327604,9.689229287006999,5.219456195831299
left_impurity_boundary,24,-3.49,0,72,44260782,2.8713340874323416e-16,0,0,0.05658952655187568,-0.028294763275937364,0.7584467570051405,0.2482638888888889,3.0550023219228035,0.013329506067770674,7.677795495035908,5.144172668457031
left_impurity_boundary,24,-3.49,0,73,44260783,2.4627211596054312e-15,0,0,0.03786459090908689,-0.018932295454542114,0.7554998412792269,0.24131944444444445,3.130704378250609,0.018847186440773156,10.855979389885338,5.123709440231323
left_impurity_boundary,24,-3.49,0,74,44260784,-8.702351003448789e-16,0,0,0.030903339994285517,-0.015451669997142758,0.7729130832108583,0.2378472222222222,3.249619970287988,0.01506950488173907,8.680034811881704,5.145267486572266
left_impurity_boundary,24,-3.49,0,75,44260785,-7.33736295265403e-15,0,0,0.03105189102897654,-0.015525945514486494,0.8126478065638609,0.22916666666666666,3.5460995195513934,0.026553816608591418,15.294998366548656,5.165826797485352
left_impurity_boundary,24,-3.49,0,76,44260786,-5.075635179168862e-15,0,0,0.025690802466469178,-0.01284540123323413,0.8061645778491837,0.2309027777777778,3.4913593747453366,0.021646127478488965,12.468169427609643,5.143410682678223
left_impurity_boundary,24,-3.49,0,77,44260787,9.033658782767906e-16,0,0,0.02068662942982069,-0.010343314714909901,0.7880654492213891,0.2361111111111111,3.337688961408236,0.019503492553337692,11.23401171072251,5.211789846420288
left_impurity_boundary,24,-3.49,0,78,44260788,-5.433447580833508e-15,0,0,0.03236121447398865,-0.01618060723699344,0.7753750509992084,0.2152777777777778,3.6017421723834198,0.01649814198673043,9.502929784356729,4.5434441566467285
left_impurity_boundary,24,-3.49,0,79,44260789,-1.6167819630772877e-15,0,0,0.054732270072166855,-0.02736613503608254,0.7797786192950871,0.24131944444444445,3.23131283966885,0.016124709047437888,9.287832411324224,4.524982452392578
left_impurity_boundary,24,-3.49,0,80,44260790,6.6261555863823264e-18,0,0,0.010608099594767495,-0.0053040497973837475,0.8406794855759614,0.2309027777777778,3.6408374713665697,0.01747629116616986,10.06634371171384,4.485887765884399
left_impurity_boundary,24,-3.49,0,81,44260791,0.9999999999999969,1,1,0.0018585861445365157,0.0009292930722682378,0.7561444062613211,0.2361111111111111,3.202493955930301,0.014270083879933622,8.219568314841766,4.530494451522827
left_impurity_boundary,24,-3.49,0,82,44260792,4.583090947247776e-15,0,0,0.019574876342693948,-0.00978743817134653,0.7307488721039503,0.2204861111111111,3.314262601038389,0.023047569636776514,13.275400110783272,4.607628583908081
left_impurity_boundary,24,-3.49,0,83,44260793,-5.303133187634655e-15,0,0,0.023662232269147827,0.011831116134573813,0.7939673076940612,0.2569444444444444,3.090034927241752,0.01529998704485024,8.812792537833738,4.554811000823975
left_impurity_boundary,24,-3.49,0,84,44260794,-1.683043518941111e-15,0,0,0.05283504953876122,-0.026417524769379818,0.7418568034070085,0.2378472222222222,3.119047582207569,0.01951257115598322,11.239240985846333,4.497806787490845
left_impurity_boundary,24,-3.49,0,85,44260795,8.856961300464377e-16,0,0,0.026544885965526177,-0.013272442982763089,0.7659926997911902,0.234375,3.268235519109078,0.02064760717439812,11.893021732453317,4.523212432861328
left_impurity_boundary,24,-3.49,0,86,44260796,-3.0877885032541643e-15,0,0,0.022032405899166996,-0.011016202949583054,0.8021831199240145,0.2482638888888889,3.231171168365261,0.011687482940582585,6.731990173775569,4.585496664047241
left_impurity_boundary,24,-3.49,0,87,44260797,1.1463249164441426e-15,0,0,0.04805857639413347,-0.024029288197066734,0.8308916737934269,0.234375,3.545137808185288,0.017439467795607545,10.045133450269946,4.547807216644287
left_impurity_boundary,24,-3.49,0,88,44260798,-1.055767456763584e-15,0,0,0.030413775507006413,-0.015206887753502762,0.7577303326095848,0.2309027777777778,3.281599034459555,0.0180150432061101,10.376664886719418,4.596482038497925
left_impurity_boundary,24,-3.49,0,89,44260799,1.5041373181087881e-15,0,0,0.022469654967995467,-0.011234827483997734,0.7951567740925987,0.25,3.1806270963703946,0.016423257854192894,9.459796524015108,4.502960443496704
left_impurity_boundary,24,-3.49,0,90,44260800,7.039185951266825e-15,0,0,0.03426105878698138,-0.017130529393488914,0.7972508182298346,0.23958333333333334,3.3276555891332222,0.014845501556855737,8.551008896748904,4.5249645709991455
left_impurity_boundary,24,-3.49,0,91,44260801,-4.534499139614305e-15,0,0,0.019063698827145537,0.009531849413572324,0.7968872230605889,0.2361111111111111,3.3750517682566117,0.01733766522258433,9.986495168208576,4.546221971511841
left_impurity_boundary,24,-3.49,0,92,44260802,-1.0314715529468488e-15,0,0,0.027299122890753758,-0.013649561445376435,0.7323670949544043,0.2378472222222222,3.0791492459396856,0.020652232415457255,11.895685871303378,4.517415523529053
left_impurity_boundary,24,-3.49,0,93,44260803,-1.0778546420515252e-15,0,0,0.03590189271035653,0.017950946355177497,0.7665404754038349,0.23958333333333334,3.199473288642093,0.017351093137529854,9.994229647217196,4.4845709800720215
left_impurity_boundary,24,-3.49,0,94,44260804,4.525664265499129e-15,0,0,0.029100300980863025,-0.014550150490431513,0.7781338506369964,0.2378472222222222,3.2715700581526272,0.01532301812207933,8.826058438317695,4.470491647720337
left_impurity_boundary,24,-3.49,0,95,44260805,1.2346736575959069e-15,0,0,0.03186228047044182,0.01593114023522002,0.7879852056123124,0.2465277777777778,3.1963343551598022,0.01364486417725335,7.85944176609793,4.5401811599731445
left_impurity_boundary,24,-3.49,0,96,44260806,-5.1374792979750975e-15,0,0,0.0231424630651329,-0.01157123153256645,0.7699858935476419,0.25,3.0799435741905676,0.01892351642630171,10.899945461549786,4.480634689331055
left_impurity_boundary,24,-3.49,0,97,44260807,2.1800051879197854e-15,0,0,0.03269015499059971,0.016345077495299756,0.7245205404564661,0.2326388888888889,3.114356950021824,0.022790890247087664,13.127552782322494,4.470094442367554
left_impurity_boundary,24,-3.49,0,98,44260808,4.720031496033011e-15,0,0,0.028463142685756004,-0.014231571342877558,0.76620303274395,0.2361111111111111,3.245095197503788,0.019670550959532615,11.330237352690787,4.4744977951049805
left_impurity_boundary,24,-3.49,0,99,44260809,-1.0778546420515252e-15,0,0,0.05057240081207222,-0.025286200406035658,0.7615816473456507,0.22569444444444445,3.3743925297776522,0.02403673344128742,13.845158462181555,4.510087013244629
