L,h,n_samples,mean_B,std_B,P_top_abs,P_B0,P_Bp1,P_Bm1,mean_gap,std_gap,mean_abs_E0,mean_IPR0_scaled_L2,mean_PR0,mean_Wimp0,mean_f_mask,mean_Wimp_ratio,mean_Wimp_excess
16,-4.0,20,-3.885550026872987e-16,2.5474918338121656e-15,0.0,1.0,0.0,0.0,0.32044376487239984,0.01990077962661069,0.1602218824361997,5.843076020339459,46.48522688223922,0.6588247990356668,0.25390625,2.6009155194612363,0.40491854903566676
16,-3.8,20,1.1662586011665091e-15,2.9624018066240877e-15,0.0,1.0,0.0,0.0,0.2176677582892641,0.02222781551651747,0.1088338791446318,7.432441848638339,35.48308314453383,0.7439195274852964,0.25390625,2.940853520264357,0.49001327748529644
16,-3.6,20,-2.12589158396435e-18,2.5539066515639474e-15,0.0,1.0,0.0,0.0,0.09487705099277498,0.018819593997021815,0.04743852549638716,8.066972571810215,33.3229066555716,0.7844355602949667,0.25390625,3.100161129921104,0.5305293102949667
16,-3.4,20,1.0000000000000002,3.1263126714161272e-15,1.0,0.0,1.0,0.0,0.03739851829185638,0.013372046509556021,0.018699259145927856,9.31337625090727,28.560126311437934,0.7802833899500948,0.25390625,3.082183111428071,0.5263771399500948
16,-3.2,20,0.9999999999999998,3.2884269792165095e-15,1.0,0.0,1.0,0.0,0.1709904490055534,0.013851308364856103,0.08549522450277641,9.310085873571746,28.793468488142157,0.726602991456777,0.25390625,2.868474317869597,0.472696741456777
16,-3.0,20,0.9999999999999991,2.7938452108495297e-15,1.0,0.0,1.0,0.0,0.2720655001340462,0.026615971427474686,0.1360327500670229,4.015644751388129,68.53410282740475,0.58123157795201,0.25390625,2.290236165667076,0.32732532795200997
16,-2.8,20,0.9999999999999998,2.806009294955705e-15,1.0,0.0,1.0,0.0,0.3003762007854839,0.041977773294357805,0.15018810039274164,1.7885039016044435,144.39969518573318,0.4382800778116523,0.25390625,1.7279928814690468,0.18437382781165226
16,-2.4,20,0.9999999999999993,2.9631014117586487e-15,1.0,0.0,1.0,0.0,0.23457032722267415,0.026434441285780867,0.11728516361133674,1.3005990409353907,197.37687064979667,0.3572062552325285,0.25390625,1.408443528319577,0.10330000523252854
16,-2.0,20,1.000000000000001,2.1894057917508916e-15,1.0,0.0,1.0,0.0,0.14789607809505348,0.011543456967619752,0.0739480390475264,1.135145371614555,225.8864734994042,0.32385898568563837,0.25390625,1.2766225804222917,0.0699527356856384
16,-1.8,20,1.0000000000000004,3.388215182174282e-15,1.0,0.0,1.0,0.0,0.10823139156676383,0.006987361074162184,0.054115695783381525,1.0851968284033915,236.1075687279261,0.3108708733997485,0.25390625,1.2254381713257299,0.05696462339974852
16,-1.6,20,0.9999999999999997,2.801497372083829e-15,1.0,0.0,1.0,0.0,0.07225891532775629,0.003990935075719962,0.03612945766387773,1.0516598264077806,243.5229548717554,0.2996238986844176,0.25390625,1.1810992763622163,0.045717648684417564
16,-1.4,20,1.0,2.2131298974028807e-15,1.0,0.0,1.0,0.0,0.04011783696320555,0.0021622136149984797,0.02005891848160244,1.0300728015537268,248.56687210397075,0.2899568735006809,0.25390625,1.142939963531441,0.03605062350068093
16,-1.2,20,0.9999999999999988,3.708526270313205e-15,1.0,0.0,1.0,0.0,0.0116662948836941,0.00113129153154376,0.005833147441846577,1.0166906856728197,251.81222299098528,0.28173200904858886,0.25390625,1.1104212942402438,0.027825759048588843
16,-1.0,20,4.21423495293916e-16,2.1445953067807275e-15,0.0,1.0,0.0,0.0,0.013385003509944945,0.0005924476270292175,0.006692501754972052,1.0087112776902236,253.79395493996975,0.274797373709461,0.25390625,1.082961026935884,0.020891123709461
16,-0.8,20,-7.496390686727207e-16,2.9198877667671042e-15,0.0,1.0,0.0,0.0,0.03539072434332175,0.0003180863656995272,0.01769536217166041,1.004170483242823,254.93809844787484,0.2689886102740561,0.25390625,1.059928011668056,0.01508236027405605
16,0.0,20,4.947529504498804e-16,0.0,0.0,1.0,0.0,0.0,0.10000000000000012,0.0,0.050000000000000024,0.9999999999999976,256.0000000000006,0.25390624999999967,0.25390625,0.9999999999999988,-3.1502578323738816e-16
20,-4.0,20,-1.1538345594420425e-15,4.1048464668400475e-15,0.0,1.0,0.0,0.0,0.3123630606160876,0.013210067620103806,0.1561815303080435,5.610585989006676,82.09355931308272,0.6140019901757137,0.24474999999999997,2.5155604282949633,0.3692519901757137
20,-3.8,20,-1.140582248269278e-15,4.118117291783837e-15,0.0,1.0,0.0,0.0,0.2136092391802368,0.014650047821744392,0.10680461959011815,9.424601662924232,44.923894911977435,0.7324604871756929,0.24474999999999997,3.001100768563592,0.4877104871756929
20,-3.6,20,2.290441114359491e-16,4.093176967662792e-15,0.0,1.0,0.0,0.0,0.093756564541276,0.014516176932669373,0.04687828227063768,9.5844190356792,43.496785327755056,0.781226070841936,0.24474999999999997,3.202663666096254,0.536476070841936
20,-3.4,20,1.0,4.578771262902646e-15,1.0,0.0,1.0,0.0,0.03392066081793789,0.013143329362811765,0.016960330408968653,9.906083232496677,42.02673105873451,0.7831028251874066,0.24474999999999997,3.2104249986374866,0.5383528251874066
20,-3.2,20,0.9999999999999982,3.628506932440229e-15,1.0,0.0,1.0,0.0,0.1586106658017857,0.019609796354265106,0.07930533290089263,11.0597506256119,40.68747488608562,0.7168505017350917,0.24474999999999997,2.938807604411323,0.4721005017350916
20,-3.0,20,1.0000000000000002,3.601408724520957e-15,1.0,0.0,1.0,0.0,0.2535520091602045,0.024278181298259798,0.1267760045801019,4.081198830642396,105.68782836226171,0.5482271363223048,0.24474999999999997,2.2412024413269793,0.3034771363223047
20,-2.8,20,0.9999999999999997,3.5931130299124246e-15,1.0,0.0,1.0,0.0,0.27782972822975294,0.03413498051884597,0.13891486411487616,1.88043617105667,214.72451437653982,0.416955617589725,0.24474999999999997,1.7046756912449197,0.17220561758972502
20,-2.4,20,0.9999999999999997,3.4022589646268325e-15,1.0,0.0,1.0,0.0,0.21859400869137097,0.02339009990464367,0.10929700434568505,1.2931162984224944,310.02733586614374,0.34036850315986683,0.24474999999999997,1.391429643852637,0.09561850315986686
20,-2.0,20,1.0000000000000004,4.160550113670709e-15,1.0,0.0,1.0,0.0,0.13698894266857692,0.011174241599269472,0.06849447133428795,1.1216133305131906,357.1120898522066,0.3103398539082487,0.24474999999999997,1.2683927995782762,0.0655898539082487
20,-1.8,20,0.9999999999999984,3.836636704226467e-15,1.0,0.0,1.0,0.0,0.09925308502586659,0.007164616532195816,0.04962654251293293,1.0742614857465271,372.6337638827076,0.2987175266820456,0.24474999999999997,1.220946835843795,0.05396752668204561
20,-1.6,20,1.0000000000000004,4.174948274328778e-15,1.0,0.0,1.0,0.0,0.06494424724855288,0.004348238495919221,0.0324721236242759,1.043453532194305,383.4870858819723,0.28854751255259775,0.24474999999999997,1.1794385598011206,0.04379751255259776
20,-1.4,20,1.0000000000000007,4.1294829860932725e-15,1.0,0.0,1.0,0.0,0.03424538682006303,0.0024834543159464153,0.017122693410031014,1.0242798640760076,390.582788386082,0.27968196890737074,0.24474999999999997,1.1432267079593483,0.03493196890737071
20,-1.2,20,0.9999999999999989,4.220538630149513e-15,1.0,0.0,1.0,0.0,0.007040606207634283,0.0013251325301514762,0.0035203031038167345,1.0128646475341336,394.94481090931504,0.2720180761917782,0.24474999999999997,1.111885123031826,0.027268076191778158
20,-1.0,20,-4.921024882153274e-16,3.363569029584128e-15,0.0,1.0,0.0,0.0,0.016936668666787176,0.00065423427899921,0.008468334333393016,1.00637387631053,397.47521457873074,0.26544706794501494,0.24474999999999997,1.0849777642475729,0.020697067945014927
20,-0.8,20,-1.3340659913916417e-15,3.642673572053003e-15,0.0,1.0,0.0,0.0,0.03801784575157226,0.0002950757554484198,0.01900892287578568,1.0028760854015544,398.85532136480913,0.25984824150334146,0.24474999999999997,1.062023593122904,0.015098241503341468
20,0.0,20,8.304781668265849e-16,0.0,0.0,1.0,0.0,0.0,0.09999999999999892,0.0,0.04999999999999915,1.0000000000000018,399.9999999999993,0.24475000000000038,0.24474999999999997,1.0000000000000016,3.8163916471489756e-16
