L,h,n_samples,mean_B,std_B,P_top_abs,P_B0,P_Bp1,P_Bm1,mean_gap,std_gap,mean_abs_E0,std_abs_E0,mean_IPR0_scaled_L2,std_IPR0_scaled_L2,mean_PR0,mean_Wimp0,mean_f_mask,mean_Wimp_ratio,std_Wimp_ratio,mean_Wimp_excess
16,-3.7,30,2.674942198247066e-16,2.769715906353882e-15,0.0,1.0,0.0,0.0,0.15639654165826702,0.024600598937552474,0.07819827082913326,0.01230029946877625,8.280770400939641,1.6633456738454406,32.167358899948,0.7679816310869048,0.251171875,3.0661320685399307,0.18321986236653598,0.5168097560869047
16,-3.68,30,5.836078562644935e-16,2.893361559308689e-15,0.0,1.0,0.0,0.0,0.1441061201397342,0.024527592906495897,0.07205306006986681,0.012263796453247936,8.33478558113577,1.666380796452579,31.964937367234942,0.7716363608550715,0.251171875,3.080717162842538,0.18221549784275828,0.5204644858550714
16,-3.66,30,2.5434314158451167e-16,3.326590519586746e-15,0.0,1.0,0.0,0.0,0.13169714006587047,0.02442232884380987,0.06584857003293487,0.012211164421905046,8.385787590572793,1.6732364258762993,31.78356304261139,0.7748369588113455,0.251171875,3.093493571786841,0.18134316082764654,0.5236650838113455
16,-3.64,30,-2.3438184788053485e-16,3.2010125017887546e-15,0.0,1.0,0.0,0.0,0.11918339677456298,0.024292498871940037,0.05959169838728118,0.012146249435969966,8.434345999290548,1.6837275416277215,31.618697430086733,0.7776010224979433,0.251171875,3.1045273467957437,0.18049377057491436,0.5264291474979433
16,-3.62,30,4.189939049122426e-16,2.9031879159552992e-15,0.0,1.0,0.0,0.0,0.10657865567623907,0.024149232440468106,0.05328932783811923,0.012074616220234025,8.480787192429506,1.6976356200565434,31.467049447345474,0.7799437984767452,0.251171875,3.113874438345627,0.17957181954706797,0.5287719234767452
16,-3.6,30,1.4344706545130738e-16,2.3454139907824984e-15,0.0,1.0,0.0,0.0,0.09389629777298322,0.02400852231514383,0.0469481488864913,0.012004261157571841,8.525653614125343,1.714466916458264,31.323973226297944,0.7818761885804373,0.251171875,3.121573330819877,0.1784961008580265,0.5307043135804373
16,-3.58,30,-1.9354816407945375e-16,3.0326245763868312e-15,0.0,1.0,0.0,0.0,0.08114866273395188,0.023892958178654774,0.04057433136697566,0.01194647908932741,8.570239351499879,1.7329893588708214,31.179799032521846,0.7834043469981994,0.251171875,3.1276438854501007,0.1771994893888414,0.5322324719981993
16,-3.56,30,2.205543495908967e-16,2.6400501932951966e-15,0.0,1.0,0.0,0.0,0.06909252808211139,0.021491527734738385,0.03454626404105536,0.010745763867369236,8.61708634708435,1.7507395427832941,31.016222747615593,0.7845319253108618,0.251171875,3.132096869819904,0.17563363480804298,0.5333600503108618
16,-3.54,30,-2.4410941240109963e-17,2.630138585875689e-15,0.0,1.0,0.0,0.0,0.05706976007912718,0.019656135269826222,0.02853488003956325,0.00982806763491315,8.670039624764822,1.764472825372113,30.808272150500564,0.7852655863125417,0.251171875,3.1349572361242912,0.17378409533617367,0.5340937113125417
16,-3.52,30,-3.77907138779737e-16,2.8196120914725857e-15,0.0,1.0,0.0,0.0,0.044990988674401176,0.019010666019129593,0.02249549433720036,0.009505333009564762,8.733050783427517,1.7731226268149018,30.540897032381896,0.7856221181663641,0.251171875,3.1362950278506996,0.17169858869507265,0.5344502431663641
16,-3.5,30,-8.058601582244011e-17,2.3706238520705563e-15,0.0,1.0,0.0,0.0,0.033285760193297265,0.0189580353299553,0.01664288009664824,0.009479017664977656,8.807595867597005,1.781713552216583,30.230555679032864,0.7856311556396122,0.251171875,3.1362392108089465,0.1695147829152777,0.5344592806396122
16,-3.48,30,0.06666666666666646,0.2537081317024626,0.06666666666666667,0.9333333333333333,0.06666666666666667,0.0,0.022254961256496387,0.019994334476877127,0.011127480628247744,0.009997167238438572,8.8910575621619,1.799038972516589,29.916889583462584,0.7853264797590646,0.251171875,3.1349428012350486,0.1674430602493868,0.5341546047590646
16,-3.46,30,0.23333333333333284,0.4301830671520766,0.23333333333333334,0.7666666666666667,0.23333333333333334,0.0,0.015051681114641184,0.021136360492297904,0.007525840557320267,0.01056818024614903,8.978776154891356,1.8289168995813712,29.629579058998786,0.7847278275629552,0.251171875,3.1325042355407673,0.1656906236680313,0.5335559525629552
16,-3.44,30,0.6333333333333323,0.490132517853561,0.6333333333333333,0.36666666666666664,0.6333333333333333,0.0,0.019117057155882283,0.02096734780709475,0.00955852857794076,0.010483673903547392,9.067741055982735,1.8679448595884194,29.37541381224172,0.7838298306373489,0.251171875,3.1289174618775735,0.16443816035970069,0.5326579556373489
16,-3.42,30,0.8666666666666673,0.345745903641761,0.8666666666666667,0.13333333333333333,0.8666666666666667,0.0,0.029050943133709373,0.02126346088646003,0.014525471566854232,0.010631730443230014,9.157670425131126,1.9116495332906462,29.149693048722785,0.7826108525025036,0.251171875,3.1241103065849143,0.16397767607063826,0.5314389775025037
16,-3.4,30,0.9666666666666666,0.1825741858350555,0.9666666666666667,0.03333333333333333,0.9666666666666667,0.0,0.04182555231812814,0.019851497554336954,0.02091277615906376,0.009925748777168474,9.249992197635288,1.9579328421790192,28.945163834132355,0.7810461563308482,0.251171875,3.1180038143948807,0.16496842544061646,0.5298742813308481
16,-3.38,30,1.0,3.2921629349840284e-15,1.0,0.0,1.0,0.0,0.05489320700172371,0.018229903664324393,0.027446603500861543,0.009114951832162252,9.34897961639017,2.0037998525819614,28.741906284637366,0.7790908276709636,0.251171875,3.110437674279185,0.16858571245170517,0.5279189526709637
16,-3.36,30,1.0000000000000007,3.376737380431452e-15,1.0,0.0,1.0,0.0,0.06790329975340147,0.016868614851293994,0.03395164987670039,0.008434307425647087,9.464551785969126,2.0422574215145577,28.49351200958341,0.776610768618197,0.251171875,3.100861696007203,0.17585681636391098,0.5254388936181971
16,-3.34,30,1.0000000000000004,3.0476617451803892e-15,1.0,0.0,1.0,0.0,0.0807987034428285,0.015984170587206938,0.04039935172141391,0.007992085293603473,9.60251352549585,2.0792656817615307,28.18122902603434,0.7733485845911201,0.251171875,3.0881750921413116,0.1860401980520923,0.5221767095911201
16,-3.32,30,0.9999999999999998,3.1938006410384745e-15,1.0,0.0,1.0,0.0,0.09354014261168823,0.01593581690905653,0.04677007130584383,0.00796790845452819,9.744354954808493,2.142755852344388,27.874826211085807,0.7690798790117007,0.251171875,3.071405628527056,0.19694743138702625,0.5179080040117007
16,-3.3,30,0.9999999999999998,3.131713941813415e-15,1.0,0.0,1.0,0.0,0.1061073563445622,0.01701628171137868,0.05305367817228079,0.008508140855689295,9.852613777019704,2.2406033621241983,27.679539289007668,0.7637720792403926,0.251171875,3.0504101417146052,0.207319651165667,0.5126002042403924
16,-1.28,30,0.9999999999999992,3.103356016021734e-15,1.0,0.0,1.0,0.0,0.022427458691477806,0.0014465383057052196,0.011213729345738398,0.0007232691528526907,1.019753693479884,0.008782898743385375,251.05902883241473,0.28221537251648887,0.251171875,1.124360309220454,0.01254510735191461,0.031043497516488845
16,-1.26,30,0.9999999999999997,3.056782853236714e-15,1.0,0.0,1.0,0.0,0.01965107486336236,0.0013595441271991341,0.009825537431680798,0.0006797720635995407,1.0186144060975997,0.008324825242612776,251.3380345309604,0.2814203079194369,0.251171875,1.1211814623463487,0.01230460044164414,0.03024843291943686
16,-1.24,30,0.9999999999999999,3.106299240774583e-15,1.0,0.0,1.0,0.0,0.016908806022224228,0.001277629479925409,0.00845440301111163,0.0006388147399626347,1.0175306419298755,0.007886588840503228,251.60409739588388,0.28063805133447267,0.251171875,1.1180534910414592,0.012067230711595166,0.029466176334472672
16,-1.22,30,1.0,2.718229287864064e-15,1.0,0.0,1.0,0.0,0.014200383255567621,0.0012005373461764259,0.007100191627783303,0.0006002686730883185,1.0165001284319666,0.007467526684979353,251.85768256820128,0.27986847382809005,0.251171875,1.1149758934788236,0.011832661795229063,0.02869659882809004
16,-1.2,30,0.9999999999999992,3.713113850008448e-15,1.0,0.0,1.0,0.0,0.011525527643085696,0.0011280185378694874,0.005762763821542383,0.0005640092689346219,1.0155206688766456,0.0070669834543394825,252.09924539343552,0.27911144378086894,0.251171875,1.1119481572324807,0.011600596009704684,0.02793956878086893
16,-1.18,30,0.9999999999999997,2.9176286989762197e-15,1.0,0.0,1.0,0.0,0.00888395104809425,0.0010598317277268471,0.00444197552404662,0.0005299158638633245,1.0145901406672673,0.00668431274988693,252.3292311672722,0.2783668270142291,0.251171875,1.108969759712013,0.0113707714724308,0.027194952014229102
16,-1.16,30,0.9999999999999997,3.0144985638399144e-15,1.0,0.0,1.0,0.0,0.006275356875561093,0.0009957434747604784,0.003137678437779997,0.0004978717373800821,1.0137064936263573,0.006318878336515106,252.54807492584735,0.27763448692840986,0.251171875,1.106040168648796,0.011142959273494825,0.026462611928409836
16,-1.14,30,1.0000000000000002,2.7716498884180842e-15,1.0,0.0,1.0,0.0,0.0036994407977182235,0.0009355282455832559,0.00184972039885868,0.0004677641227915702,1.0128677482675288,0.005970055238024361,252.75620127764168,0.276914284649642,0.251171875,1.1031588426254808,0.010916960729533309,0.025742409649641966
16,-1.12,30,0.8999999999999999,0.30512857662936427,0.9,0.1,0.9,0.0,0.0012851744932376034,0.0006679181893869524,0.0006425872466184647,0.0003339590946934633,1.012071994057632,0.0056372306942190625,252.95402427407916,0.27620607918466444,0.251171875,1.100325231640958,0.0106926047392129,0.02503420418466441
16,-1.1,30,0.0333333333333331,0.1825741858350553,0.03333333333333333,0.9666666666666667,0.03333333333333333,0.0,0.0013585220691582228,0.000820887393562396,0.000679261034578707,0.00041044369678125983,1.0113173876751995,0.005319804987073291,253.14194731605417,0.2755097275809039,0.251171875,1.0975387777037349,0.010469745255647563,0.02433785258090391
16,-1.08,30,8.092744689501615e-16,3.28184325704775e-15,0.0,1.0,0.0,0.0,0.0038353837722106066,0.0007759843485587011,0.0019176918861048499,0.0003879921742793516,1.0106021512705006,0.005017192143393113,253.3203630937357,0.2748250850907841,0.251171875,1.0947989154472448,0.010248258886833525,0.0236532100907841
16,-1.06,30,-3.622298387222348e-17,3.1324567430699e-15,0.0,1.0,0.0,0.0,0.0062837617439001365,0.0007291646241161424,0.003141880871949513,0.000364582312057946,1.0099245707318338,0.0047288205214942,253.48965355712056,0.27415200533879935,0.251171875,1.0921050727612849,0.01002804263157069,0.02298013033879932
16,-1.04,30,3.268903422615281e-16,3.3566692680214973e-15,0.0,1.0,0.0,0.0,0.00870107600652774,0.0006852094288850337,0.004350538003263387,0.00034260471444258033,1.0092829939620944,0.00445413328944342,253.6501899149256,0.27349034049009396,0.251171875,1.0894566714342124,0.009809011755111613,0.02231846549009397
16,-1.02,30,-1.5431580121174846e-16,3.4285527555320914e-15,0.0,1.0,0.0,0.0,0.011087663746076287,0.0006439409729828613,0.005543831873037677,0.00032197048649146537,1.0086758291690836,0.004192588802381003,253.80233265953186,0.2728399414194442,0.251171875,1.0868531278011606,0.009591097806263365,0.021668066419444156
16,-1.0,30,-4.287858903898963e-16,2.5458605412558668e-15,0.0,1.0,0.0,0.0,0.013443865633695656,0.0006051894415536125,0.006721932816847423,0.00030259472077684435,1.008101543172573,0.0039436608863569825,253.9464316158041,0.27220065787964176,0.251171875,1.0842938533939532,0.009374246775416222,0.021028782879641664
16,-0.98,30,7.863037962507031e-17,2.627884208383754e-15,0.0,1.0,0.0,0.0,0.015770025327606553,0.0005687929826810024,0.007885012663802853,0.0002843964913405053,1.007558659730681,0.0037068390359830793,254.08282601172388,0.2715723386683955,0.251171875,1.0817782555888762,0.009158417391265305,0.020400463668395468
16,-0.96,30,-6.16379717435476e-16,2.8009579830679803e-15,0.0,1.0,0.0,0.0,0.018066488999773547,0.0005345976839325735,0.009033244499886317,0.00026729884196625547,1.007045757887766,0.0034816285330413125,254.21184456888193,0.2709548317929707,0.251171875,1.0793057382488842,0.008943579552562307,0.019782956792970686
20,-3.7,30,-1.7466546125703812e-15,4.365990194666971e-15,0.0,1.0,0.0,0.0,0.15520812891434618,0.01590528337070594,0.07760406445717274,0.007952641685352922,9.699213357678962,1.6460920660170175,42.43902737039192,0.7625212955422325,0.24425,3.1293509806623594,0.22912952592542618,0.5182712955422325
20,-3.68,30,7.3108583303085e-16,4.28803983446335e-15,0.0,1.0,0.0,0.0,0.1431452466700445,0.015781013918094947,0.07157262333502194,0.0078905069590474,9.704687803903143,1.5997087469050257,42.30812857255757,0.7677225728596763,0.24425,3.1509043122396188,0.2264347349909908,0.5234725728596762
20,-3.66,30,1.0391284438466685e-15,4.847290883468722e-15,0.0,1.0,0.0,0.0,0.1309447099326414,0.015593421304402662,0.0654723549663204,0.007796710652201285,9.689059627620303,1.5653538513892271,42.3092384116626,0.7724594022906456,0.24425,3.17054451160821,0.22481710616101508,0.5282094022906456
20,-3.64,30,-9.965738001919019e-16,3.4643221217799813e-15,0.0,1.0,0.0,0.0,0.11861711275464472,0.015348184411137611,0.059308556377322005,0.007674092205568792,9.66202776268696,1.5828493905692942,42.43933843333605,0.7766443890296585,0.24425,3.1878970849502575,0.22389380427081723,0.5323943890296584
20,-3.62,30,4.555850085392649e-16,4.386446924200681e-15,0.0,1.0,0.0,0.0,0.10617298367778592,0.015054862565511747,0.05308649183889276,0.007527431282755896,9.642438940738023,1.6662267486774676,42.64547609363439,0.7801799038232701,0.24425,3.202546404731355,0.2228708439886158,0.53592990382327
20,-3.6,30,3.346944810632673e-16,4.4728761780532744e-15,0.0,1.0,0.0,0.0,0.09362375342578405,0.014728436779605192,0.046811876712891734,0.007364218389802607,9.641913409947744,1.769515550497349,42.81916445139609,0.7830282102023508,0.24425,3.214327934105344,0.22099081831523226,0.5387782102023507
20,-3.58,30,5.343626360662547e-16,4.451292415880335e-15,0.0,1.0,0.0,0.0,0.08098287331634618,0.01439013366557547,0.040491436658172786,0.00719506683278768,9.647844085949432,1.8642410127753979,42.95485178497817,0.7852464058024791,0.24425,3.223475564236744,0.21814250639039684,0.5409964058024791
20,-3.56,30,6.773403488301937e-17,4.226321636244787e-15,0.0,1.0,0.0,0.0,0.06826571719248944,0.014064480506917209,0.03413285859624438,0.007032240253458592,9.645541587683358,1.9462860935482262,43.09757812648777,0.7868912358685562,0.24425,3.230230874963159,0.2146853837236299,0.5426412358685563
20,-3.54,30,-3.472105527264338e-16,4.271258843354517e-15,0.0,1.0,0.0,0.0,0.055490268479542824,0.013775901437208317,0.027745134239771117,0.006887950718604231,9.633112980773257,2.0122747069982476,43.25017155141517,0.7879647310422176,0.24425,3.2346158235601368,0.2110168589368013,0.5437147310422177
20,-3.52,30,-6.770458530263542e-16,4.236499307459039e-15,0.0,1.0,0.0,0.0,0.04267964703132294,0.013548057005070769,0.021339823515661008,0.006774028502535428,9.615106895513561,2.0619359665002306,43.39622543765599,0.788441994122864,0.24425,3.2365419906929405,0.20742503727486283,0.5441919941228639
20,-3.5,30,0.03333333333333344,0.18257418583505608,0.03333333333333333,0.9666666666666667,0.03333333333333333,0.0,0.030653350904212617,0.011422150026246584,0.015326675452105937,0.005711075013123226,9.596224610666601,2.1084402172475576,43.54420191684157,0.7882996660442049,0.24425,3.2359254390079855,0.20413260284476809,0.5440496660442048
20,-3.48,30,0.06666666666666679,0.2537081317024634,0.06666666666666667,0.9333333333333333,0.06666666666666667,0.0,0.018695372604568803,0.010961472913010238,0.009347686302283926,0.005480736456505188,9.582679902186841,2.1814041537834106,43.77528460626879,0.7875367647965269,0.24425,3.232772398917127,0.20136556316953,0.5432867647965268
20,-3.46,30,0.13333333333333494,0.34574590364175944,0.13333333333333333,0.8666666666666667,0.13333333333333333,0.0,0.01123442489069068,0.008620643353616708,0.00561721244534486,0.0043103216768083565,9.595207891082902,2.28162650134655,44.054454191096404,0.786182970880685,0.24425,3.2272133095238877,0.19936885932840065,0.541932970880685
20,-3.44,30,0.6000000000000004,0.4982728791224394,0.6,0.4,0.6,0.0,0.012888780026812947,0.009737500995057536,0.00644439001340609,0.00486875049752879,9.680803324545183,2.330055876632775,43.75797101379742,0.7842441202394685,0.24425,3.219273265288391,0.19827633744357612,0.5399941202394686
20,-3.42,30,0.8666666666666676,0.3457459036417613,0.8666666666666667,0.13333333333333333,0.8666666666666667,0.0,0.02211848488780693,0.01229008819039149,0.011059242443903116,0.006145044095195791,9.882757028168271,2.282380333768998,42.47967692855357,0.7815719188592888,0.24425,3.208318559890735,0.19783400605965296,0.5373219188592888
20,-3.4,30,0.9666666666666666,0.18257418583505583,0.9666666666666667,0.03333333333333333,0.9666666666666667,0.0,0.03366271369545561,0.013903935445415369,0.016831356847727498,0.006951967722707717,10.15075738753944,2.2781723976896457,41.17018999475828,0.7779499932946756,0.24425,3.193422159538649,0.1977098499765245,0.5336999932946755
20,-3.38,30,1.0000000000000009,4.52926140017157e-15,1.0,0.0,1.0,0.0,0.04545792795238482,0.01579257259351816,0.022728963976192073,0.007896286296759019,10.377319406214932,2.430042657646161,40.508349568688736,0.7735045383668686,0.24425,3.1751043328380155,0.19842015800840823,0.5292545383668686
20,-3.36,30,0.999999999999999,4.857627693404913e-15,1.0,0.0,1.0,0.0,0.057577182629491866,0.017153849405541235,0.0287885913147456,0.008576924702770614,10.563943070792027,2.6994972199078067,40.305900783241114,0.7684855144713362,0.24425,3.154418600654275,0.20046833928478056,0.5242355144713361
20,-3.34,30,0.9999999999999989,3.981193127171648e-15,1.0,0.0,1.0,0.0,0.06999900909308819,0.01760958031684083,0.03499950454654386,0.0088047901584205,10.762079170590315,3.0048793029121414,40.122195415560164,0.7628445457865356,0.24425,3.1311795390518258,0.2038503619867543,0.5185945457865356
20,-3.32,30,1.0,3.754039565232982e-15,1.0,0.0,1.0,0.0,0.08243353171278266,0.017962015606363887,0.041216765856391016,0.008981007803181902,10.975877532627585,3.301303236127656,39.861719658669095,0.7564462834547647,0.24425,3.104824769963744,0.20846453069722426,0.5121962834547648
20,-3.3,30,0.9999999999999994,4.566364515283759e-15,1.0,0.0,1.0,0.0,0.09484989787971326,0.018223350716584732,0.047424948939856354,0.009111675358292319,11.178008878005214,3.5873565829865655,39.696561485074945,0.7493330986540464,0.24425,3.0755282137047284,0.2140018411047443,0.5050830986540464
20,-1.28,30,1.0,4.892545154906603e-15,1.0,0.0,1.0,0.0,0.017599291446379332,0.0015747013610499074,0.00879964572318907,0.0007873506805248474,1.01647450670037,0.00918542221473381,393.54803517692915,0.2746702380065928,0.24425,1.1249620197161134,0.009077588380479699,0.030420238006592763
20,-1.26,30,1.000000000000001,3.703428670480458e-15,1.0,0.0,1.0,0.0,0.014929099710642746,0.0014814899896058613,0.007464549855320853,0.0007407449948030775,1.0154539367026716,0.00873991978143478,393.9406853330435,0.2739150830282704,0.24425,1.1218664469691262,0.00894323287748359,0.029665083028270377
20,-1.24,30,0.9999999999999992,3.562391022840825e-15,1.0,0.0,1.0,0.0,0.012292019303743395,0.0013930111951386483,0.006146009651871077,0.000696505597569314,1.0144876872377036,0.008311471473137483,394.3132474470442,0.27317122963118107,0.24425,1.118816898134818,0.008814968272010329,0.028921229631181024
20,-1.22,30,1.000000000000001,4.0309526785367254e-15,1.0,0.0,1.0,0.0,0.009687765787799134,0.0013090779985536274,0.004843882893898957,0.0006545389992768403,1.0135732925270033,0.007899582495305308,394.66654762351214,0.2724385765567497,0.24425,1.115812967061132,0.008691758879445434,0.028188576556749643
20,-1.2,30,0.9999999999999999,4.238998977705658e-15,1.0,0.0,1.0,0.0,0.0071160467315684196,0.001229507406776925,0.0035580233657838104,0.0006147537033884402,1.012708377837573,0.007503768852136668,395.00138993015594,0.2717170202287588,0.24425,1.1128542384729914,0.008572658287051886,0.02746702022875879
20,-1.18,30,0.9999999999999999,3.1257366052821803e-15,1.0,0.0,1.0,0.0,0.004576562407927387,0.0011541205042939044,0.002288281203963147,0.0005770602521469515,1.011890657511354,0.007123556918735408,395.3185560257792,0.2710064548339057,0.24425,1.109940288234823,0.008456807503728635,0.026756454833905638
20,-1.16,30,0.9666666666666675,0.18257418583505444,0.9666666666666667,0.03333333333333333,0.9666666666666667,0.0,0.00212482403242543,0.0009644531608542786,0.0010624120162121959,0.00048222658042711115,1.0111179329148208,0.0067584830567606795,395.61880489948857,0.27030677241266043,0.24425,1.1070706836600304,0.008343432084641549,0.02605677241266036
20,-1.14,30,0.3333333333333336,0.4794633014853836,0.3333333333333333,0.6666666666666666,0.3333333333333333,0.0,0.0008216758993186353,0.0007095841957589086,0.0004108379496588288,0.0003547920978794362,1.0103880903221596,0.0064080932751552425,395.9028727120728,0.26961786295884393,0.24425,1.1042449838607908,0.008231838459755116,0.025367862958843912
20,-1.12,30,-2.081496341535568e-15,3.949155401769047e-15,0.0,1.0,0.0,0.0,0.00285157515727554,0.0009513355745598257,0.0014257875786372334,0.0004756677872800174,1.0096990987447723,0.0060719429359598065,396.17147273069594,0.2689396145264779,0.24425,1.1014627401321029,0.008121409677403418,0.024689614526477853
20,-1.1,30,-5.872246328553938e-16,4.250965249483655e-15,0.0,1.0,0.0,0.0,0.005265241164872843,0.0008909784530347775,0.0026326205824358166,0.0004454892265171902,1.0090490077190704,0.00574959650394818,396.42529534834074,0.2682719133426129,0.24425,1.0987234963646269,0.008011600750821248,0.024021913342612874
20,-1.08,30,6.723339201649268e-16,4.7563817336592574e-15,0.0,1.0,0.0,0.0,0.007648258368366749,0.0008339740929163139,0.0038241291841828932,0.0004169870464581422,1.0084359450636802,0.005440627337777375,396.6650081797813,0.2676146439249149,0.24425,1.09602678948115,0.007901933769566187,0.023364643924914868
20,-1.06,30,3.156995017156379e-16,3.3467444539359923e-15,0.0,1.0,0.0,0.0,0.010000957401210665,0.0007801693963973344,0.00500047870060466,0.00039008469819874677,1.00785811461643,0.0051446175195768665,396.89125622621907,0.2669676892029533,0.24425,1.0933721498921793,0.007791992911439164,0.022717689202953247
20,-1.04,30,6.749843823994799e-16,4.914514667090445e-15,0.0,1.0,0.0,0.0,0.012323672171438819,0.000729415703496972,0.006161836085718853,0.0003647078517483896,1.0073137939606207,0.0048611577193331205,397.104662101135,0.26633093064219193,0.24425,1.0907591019663976,0.007681419465028979,0.02208093064219194
20,-1.02,30,-6.970715676874207e-16,4.423477413582946e-15,0.0,1.0,0.0,0.0,0.01461673939513611,0.0006815688068259552,0.007308369697567476,0.0003407844034129973,1.0068013321493152,0.0045898470900560566,397.3058263103133,0.26570424836979883,0.24425,1.088187164512174,0.0075699069496542445,0.021454248369798822
20,-1.0,30,6.920651390221541e-16,3.8836270160884136e-15,0.0,1.0,0.0,0.0,0.016880498153664155,0.0006364889584614609,0.008440249076831536,0.00031824447923078307,1.0063191474355755,0.004330293189513804,397.4953275794347,0.2650875213014691,0.24425,1.0856558512666579,0.007457196398634369,0.020837521301469097
20,-0.98,30,-4.976979084882726e-16,3.916201718732194e-15,0.0,1.0,0.0,0.0,0.019115289473675905,0.000594040869416057,0.009557644736837505,0.00029702043470796846,1.005865725015824,0.0040821119242541995,397.67372322305675,0.26448062726853866,0.24425,1.083164671389307,0.00734307185389452,0.020230627268538647
20,-0.96,30,-1.943672305338815e-17,3.2914909128609047e-15,0.0,1.0,0.0,0.0,0.02132145592904798,0.0005540937022480879,0.010660727964523336,0.000277046851123873,1.0054396147927678,0.003844927511695907,397.84154954924367,0.26388344314473516,0.24425,1.080713129956996,0.007227356104738225,0.01963344314473512
24,-3.7,30,-1.3277343316090985e-15,2.9524652695003384e-15,0.0,1.0,0.0,0.0,0.15259664285116928,0.013371716540975565,0.07629832142558442,0.00668585827048778,10.594490881987564,3.6476839151953504,58.56313130589584,0.765316399794737,0.2407986111111111,3.18349304285956,0.17868557091104534,0.524517788683626
24,-3.68,30,-2.8303991706986907e-15,3.962326953447805e-15,0.0,1.0,0.0,0.0,0.140584581027559,0.013490613440903382,0.07029229051377932,0.006745306720451683,10.682992457191393,3.6707312796434532,58.14256444305238,0.7708185896616445,0.2407986111111111,3.206206453671802,0.17333884819591175,0.5300199785505334
24,-3.66,30,-7.575904553763792e-16,3.90448256225247e-15,0.0,1.0,0.0,0.0,0.12848034805841066,0.013598037604916029,0.06424017402920512,0.006799018802458073,10.752838395811724,3.642658958844228,57.737638514832256,0.7754184506445578,0.2407986111111111,3.22519920951864,0.16855060575436742,0.5346198395334466
24,-3.64,30,-9.314166035924758e-16,2.995618151908292e-15,0.0,1.0,0.0,0.0,0.1163193178114733,0.013700192638054214,0.05815965890573646,0.006850096319027099,10.77994524039404,3.573773963316973,57.53057155936065,0.7792242731665344,0.2407986111111111,3.2409173551396506,0.1641328935719384,0.5384256620554234
24,-3.62,30,-3.4897752754946922e-16,4.168119756641806e-15,0.0,1.0,0.0,0.0,0.10414203077993765,0.013806200053129174,0.05207101538996853,0.006903100026564563,10.748151398900006,3.4650403026168517,57.61990816839157,0.7823405854285511,0.2407986111111111,3.253780474808678,0.1598109918758342,0.5415419743174399
24,-3.6,30,-1.1685961616094833e-15,4.350297880447354e-15,0.0,1.0,0.0,0.0,0.09199819716166022,0.013930496822037826,0.04599909858082991,0.006965248411018938,10.641202476544416,3.3150941030531826,58.09882199665114,0.7848214996841758,0.2407986111111111,3.2640025604652254,0.15532055938544634,0.5440228885730647
24,-3.58,30,-6.574618820710464e-16,3.3155391346259423e-15,0.0,1.0,0.0,0.0,0.07995286482722604,0.014095901977227161,0.03997643241361278,0.0070479509886135615,10.437567282091209,3.1262387506799016,59.112153021660156,0.7866564975585647,0.2407986111111111,3.271532519240951,0.1503651293185412,0.5458578864474536
24,-3.56,30,-1.6964430780157954e-15,4.16048988609916e-15,0.0,1.0,0.0,0.0,0.06809591820294418,0.014336257398595245,0.03404795910147187,0.007168128699297581,10.112316763535825,2.91488680099792,60.885842778844435,0.7877559453685187,0.2407986111111111,3.2759874655752457,0.1445848647860027,0.5469573342574077
24,-3.54,30,-3.1614124542139665e-16,4.256204210889088e-15,0.0,1.0,0.0,0.0,0.05655994358726938,0.014694217729211603,0.028279971793634482,0.007347108864605817,9.652836665964598,2.7258265555244914,63.689480919376855,0.7879658715090337,0.2407986111111111,3.276703610086676,0.1377568217548992,0.5471672603979226
24,-3.52,30,-2.5654265711943573e-15,2.2657600402177772e-15,0.0,1.0,0.0,0.0,0.04572953496688359,0.014689215052638899,0.022864767483441528,0.007344607526319432,9.063146764797246,2.5723965175957724,67.80492999288963,0.7871834573377631,0.2407986111111111,3.2732343422264116,0.13034589052231652,0.5463848462266518
24,-3.5,30,-1.4533367919465236e-16,2.733395883561625e-15,0.0,1.0,0.0,0.0,0.0363080127521149,0.013926701460373173,0.018154006376057165,0.006963350730186574,8.262397874772606,2.375275969146536,74.43431891738376,0.7851235004960553,0.2407986111111111,3.2644165315945552,0.12221274870889128,0.5443248893849442
24,-3.48,30,-1.2479259687686714e-15,3.63971200160658e-15,0.0,1.0,0.0,0.0,0.028329488633811663,0.014537198094507677,0.014164744316905516,0.007268599047253849,7.36373374589796,1.9601229937082127,82.90500747254133,0.7809863498812241,0.2407986111111111,3.2469684678940394,0.11707849696415153,0.540187738770113
24,-3.46,30,0.06666666666666567,0.25370813170246137,0.06666666666666667,0.9333333333333333,0.06666666666666667,0.0,0.023270875132447195,0.015754637223150632,0.0116354375662233,0.00787731861157538,6.708460457375937,1.9147795612730518,91.513778454281,0.7754490256948735,0.2407986111111111,3.224059878097196,0.12349278505550601,0.5346504145837623
24,-3.44,30,0.6666666666666657,0.4794633014853839,0.6666666666666666,0.3333333333333333,0.6666666666666666,0.0,0.023753845295659496,0.016055907364567048,0.011876922647829464,0.008027953682283557,7.265122923951753,2.3069893209607635,85.80973063845974,0.7698028166872176,0.2407986111111111,3.2009266881412914,0.13652567364971668,0.5290042055761065
24,-3.42,30,0.8999999999999986,0.30512857662936405,0.9,0.1,0.9,0.0,0.02979723301580817,0.015080877405463412,0.014898616507903806,0.007540438702731771,8.247552900542136,2.721550151267491,76.63197978818398,0.7656852585268654,0.2407986111111111,3.183841157907533,0.14062573396831762,0.5248866474157543
24,-3.4,30,1.0000000000000004,4.152078518274001e-15,1.0,0.0,1.0,0.0,0.03831270639718354,0.014792153436699774,0.019156353198591467,0.007396076718349922,9.298397460033875,2.7814230536691107,67.01028334532671,0.7618731690571348,0.2407986111111111,3.1679844473044683,0.14205593897097482,0.5210745579460238
24,-3.38,30,0.999999999999999,2.670589942494523e-15,1.0,0.0,1.0,0.0,0.04820941072207539,0.014978317665763994,0.024104705361037468,0.007489158832882012,10.217366289477361,2.795844996679976,60.33584322914225,0.7586662683126265,0.2407986111111111,3.1548203236116286,0.14795662214214197,0.5178676572015154
24,-3.36,30,0.9999999999999998,3.7024530192125775e-15,1.0,0.0,1.0,0.0,0.058755955712392435,0.015926070134101387,0.029377977856196006,0.007963035067050673,11.041196863201789,2.784672913665826,55.32166292921344,0.7570467291678775,0.2407986111111111,3.1485423713294476,0.16902605124064363,0.5162481180567664
24,-3.34,30,1.0,4.8641856183775804e-15,1.0,0.0,1.0,0.0,0.0695777054359405,0.01783285564262123,0.034788852717970005,0.008916427821310599,11.898552003667191,2.7526036384502057,50.9439796837729,0.7547479482170985,0.2407986111111111,3.1394202829320887,0.1911359297126087,0.5139493371059874
24,-3.32,30,1.0,4.011398428844557e-15,1.0,0.0,1.0,0.0,0.08054914435155698,0.0205625019631063,0.04027457217577826,0.010281250981553155,12.637964152434868,2.9496690951715085,48.1143850500318,0.7515152684663817,0.2407986111111111,3.126339991147367,0.20762592805716526,0.5107166573552706
24,-3.3,30,0.9999999999999994,2.705534170052425e-15,1.0,0.0,1.0,0.0,0.0915655649972205,0.024034425879097585,0.04578278249860998,0.012017212939548792,13.271336611608826,3.3301024741016327,46.230354338571125,0.7474997049512965,0.2407986111111111,3.1099508529504645,0.2218924663660242,0.5067010938401854
24,-1.28,30,0.9999999999999993,3.9716801072988044e-15,1.0,0.0,1.0,0.0,0.016173718013581483,0.0010990133069227767,0.00808685900679031,0.000549506653461399,1.0177275988952146,0.006057201525106565,565.9861947000707,0.27112279903985903,0.2407986111111111,1.1262411893394382,0.008372372520381442,0.03032418792874792
24,-1.26,30,0.9999999999999983,4.3305078082416825e-15,1.0,0.0,1.0,0.0,0.013519410591497947,0.0010378142584658648,0.00675970529574842,0.0005189071292328594,1.0166505294121289,0.005759984870958773,566.5839918452705,0.27035836280414355,0.2407986111111111,1.123060051856948,0.008166393996723587,0.029559751693032384
24,-1.24,30,1.0,4.183183720475755e-15,1.0,0.0,1.0,0.0,0.010898900105820182,0.0009796775803030894,0.00544945005290968,0.0004898387901515132,1.015629472876223,0.005474319285878834,567.1519282994502,0.2696058908966964,0.2407986111111111,1.119928637755631,0.007967390746830396,0.02880727978558527
24,-1.22,30,0.999999999999999,3.7361079598555125e-15,1.0,0.0,1.0,0.0,0.008311871620176726,0.00092446999258405,0.004155935810087947,0.00046223499629198316,1.0146619510742234,0.005199888760729793,567.6911956164786,0.2688652657531397,0.2407986111111111,1.116846459268864,0.007774872486983234,0.02806665464202857
24,-1.2,30,0.9999999999999996,3.471693469163431e-15,1.0,0.0,1.0,0.0,0.005758002127910793,0.0008720621505902734,0.0028790010639549732,0.00043603107529517746,1.0137455763768566,0.004936377528378635,568.2029543259173,0.26813636699638715,0.2407986111111111,1.1138130171466945,0.007588375177272967,0.027337755885275986
24,-1.18,30,0.9999999999999994,4.189630676658521e-15,1.0,0.0,1.0,0.0,0.00323696134439185,0.0008223286779233691,0.0016184806721954899,0.0004111643389615793,1.0128780493986533,0.004683470866315369,568.6883335868122,0.26741907159371825,0.2407986111111111,1.110827801277746,0.00740746075225829,0.026620460482607137
24,-1.16,30,0.8333333333333333,0.3790490217894522,0.8333333333333334,0.16666666666666666,0.8333333333333334,0.0,0.0009190984734362992,0.0005535516301104088,0.00045954923671766605,0.00027677581505524865,1.0120571566590288,0.004440855843272353,569.1484309559668,0.2667132540214511,0.2407986111111111,1.1078902913451245,0.007231716711022409,0.025914642910339927
24,-1.14,30,-2.3201115665962922e-15,4.053237116403418e-15,0.0,1.0,0.0,0.0,0.0017079871487822368,0.0007304032877140662,0.0008539935743907001,0.0003652016438570595,1.0112807682491496,0.004208222007721529,569.5843122623614,0.26601878643535687,0.2407986111111111,1.1049999575085154,0.007060755581891547,0.0252201753242457
24,-1.12,30,-5.259695056568371e-16,4.137284587615288e-15,0.0,1.0,0.0,0.0,0.00413258523635906,0.0006879805849455791,0.0020662926181790465,0.0003439902924728764,1.0105468355088383,0.003985262017266921,569.9970115795957,0.26533553884514954,0.2407986111111111,1.102156261105436,0.006894214277620231,0.024536927734038417
24,-1.1,30,-7.182016416128844e-16,3.62232820588336e-15,0.0,1.0,0.0,0.0,0.006525734052183013,0.0006477706659161116,0.00326286702609115,0.0003238853329580725,1.0098533887175047,0.003771672208919701,570.3875312884716,0.26466337929155953,0.2407986111111111,1.09935865536535,0.006731753356991783,0.02386476818044842
24,-1.08,30,-1.4009901628141034e-15,3.931015725345401e-15,0.0,1.0,0.0,0.0,0.008887789730190259,0.0006096680779184641,0.004443894865094753,0.00030483403895924124,1.0091985348028094,0.003567153111054014,570.7568422221151,0.26400217402466153,0.2407986111111111,1.0966065861310053,0.006573056208549507,0.02320356291355035
24,-1.06,30,-8.516818647030084e-16,3.6223959856312234e-15,0.0,1.0,0.0,0.0,0.01121911171449526,0.0005735712972764922,0.00560955585724728,0.0002867856486383166,1.0085804550704762,0.003371409898484786,571.1058838863311,0.26335178768227535,0.2407986111111111,1.0938994925819805,0.0064178281716716105,0.02255317657116421
24,-1.04,30,-7.933716955428439e-16,3.5510152703390583e-15,0.0,1.0,0.0,0.0,0.013520062215958497,0.0005393826901816076,0.006760031107978723,0.00026969134509077824,1.0079974029584073,0.003184152792634576,571.4355647481897,0.2627120834673998,0.2407986111111111,1.091236807956008,0.006265795609432719,0.0219134723562887
24,-1.02,30,4.969616689786746e-16,3.1739190121495386e-15,0.0,1.0,0.0,0.0,0.01579100569896692,0.0005070084660603818,0.00789550284948296,0.00025350423303020856,1.0074477018179646,0.0030050974091561907,571.7467625861792,0.26208292332375865,0.2407986111111111,1.0886179602641346,0.006116704946743895,0.02128431221264753
24,-1.0,30,-1.5630364788766321e-16,3.617029840285774e-15,0.0,1.0,0.0,0.0,0.0180323083972285,0.000476358624101655,0.009016154198613761,0.00023817931205077106,1.0069297427250232,0.002833965055684199,572.0403248955774,0.2614641681086606,0.2407986111111111,1.0860423729963058,0.0059703216861589185,0.020665556997549444
24,-0.98,30,-1.4458271489486237e-15,4.092537014096607e-15,0.0,1.0,0.0,0.0,0.020244337857420518,0.0004473468935257886,0.010122168928709877,0.00022367344676288406,1.0064419823231567,0.0026704829825852615,572.3170693430337,0.2608556777624788,0.2407986111111111,1.0835094658143716,0.005826429412569664,0.02005706665136769
24,-0.96,30,-9.026296387671925e-16,2.9614995662603183e-15,0.0,1.0,0.0,0.0,0.02242746250955278,0.0004198906681479714,0.01121373125477596,0.00020994533407403169,1.0059829407010463,0.002514384589733865,572.577784264687,0.26025731147415426,0.2407986111111111,1.081018655229942,0.0056848287967561075,0.019458700363043095
