M,h,n_slices,seed,gamma_min_pos,xi_M,Lambda,runtime_sec
8,-3.48,100000,210607170,0.030099189452506295,33.22348602037628,4.152935752547035,37.29151630401611
8,-3.48,100000,210607171,0.030954070729317672,32.30592863680658,4.038241079600822,37.296672344207764
8,-3.47,100000,210608170,0.020251506725200027,49.379041943365465,6.172380242920683,37.3729305267334
8,-3.47,100000,210608171,0.021370457853137705,46.793569275502236,5.8491961594377795,37.399351835250854
8,-3.46,100000,210609170,0.010297807070829106,97.10805350322873,12.138506687903591,37.33348774909973
8,-3.46,100000,210609171,0.010375723223313803,96.37882376748863,12.047352970936078,37.1420259475708
8,-3.45,100000,210610170,0.0010673625979398032,936.888740461934,117.11109255774176,37.55435037612915
8,-3.45,100000,210610171,0.0014415044047406509,693.7196977763766,86.71496222204708,37.373372077941895
8,-3.44,100000,210611170,0.009179260196949266,108.94124129222863,13.617655161528578,37.34397792816162
8,-3.44,100000,210611171,0.009130306820107117,109.52534451501248,13.69066806437656,37.392457723617554
8,-3.43,100000,210612170,0.0192768668188773,51.875650197506566,6.484456274688321,37.52307486534119
8,-3.43,100000,210612171,0.0199007282228564,50.249417448527296,6.281177181065912,37.28743624687195
8,-3.42,100000,210613170,0.029413210594460726,33.99832863496806,4.249791079371008,37.34708547592163
8,-3.42,100000,210613171,0.02858992158370681,34.97736071336036,4.372170089170045,37.24567699432373
8,-3.41,100000,210614170,0.03763382790936614,26.571838570562324,3.3214798213202905,37.518105030059814
8,-3.41,100000,210614171,0.03930029428989569,25.445102080497783,3.180637760062223,37.407193660736084
8,-3.4,100000,210615170,0.046542689573691995,21.48565132697541,2.6857064158719264,37.19798803329468
8,-3.4,100000,210615171,0.045116453089052336,22.164862960884076,2.7706078701105095,37.44138240814209
12,-3.48,100000,214607170,0.05013163601214814,19.947483855457566,1.6622903212881306,63.65068960189819
12,-3.48,100000,214607171,0.04994535038568287,20.021883764512662,1.6684903137093885,64.11041855812073
12,-3.47,100000,214608170,0.03379560696836134,29.58964462263325,2.465803718552771,63.68983578681946
12,-3.47,100000,214608171,0.034916122099238535,28.640064814695112,2.386672067891259,63.59243202209473
12,-3.46,100000,214609170,0.017400988737949256,57.46799880509848,4.788999900424874,63.357879877090454
12,-3.46,100000,214609171,0.016304286846521226,61.33356272576654,5.111130227147211,63.787278175354004
12,-3.45,100000,214610170,0.0028841576478972693,346.721685178708,28.893473764892335,64.7686276435852
12,-3.45,100000,214610171,0.0024901140499359238,401.58803169105136,33.46566930758761,65.99321055412292
12,-3.44,100000,214611170,0.019773593018352284,50.572498335121956,4.214374861260163,66.04751873016357
12,-3.44,100000,214611171,0.01911396141743818,52.31777851595291,4.359814876329409,65.67299604415894
12,-3.43,100000,214612170,0.03451406425552072,28.97369584168994,2.4144746534741617,64.1108877658844
12,-3.43,100000,214612171,0.03525058145204893,28.36832638804247,2.364027199003539,64.67732310295105
12,-3.42,100000,214613170,0.04753320869560932,21.03792332648418,1.753160277207015,64.88208341598511
12,-3.42,100000,214613171,0.047550683647784524,21.030191856065816,1.7525159880054846,65.61327958106995
12,-3.41,100000,214614170,0.05917846789052485,16.89803801358824,1.4081698344656868,65.88824391365051
12,-3.41,100000,214614171,0.05953240281278445,16.797574980213167,1.399797915017764,66.36229872703552
12,-3.4,100000,214615170,0.07032618271595714,14.21945513577688,1.1849545946480733,66.45210552215576
12,-3.4,100000,214615171,0.06968507621087044,14.350274899233103,1.1958562416027585,64.95093655586243
16,-3.48,100000,218607170,0.052973577315901646,18.877335658051155,1.1798334786281972,89.12040281295776
16,-3.48,100000,218607171,0.054340896635175585,18.402346334357073,1.150146645897317,89.00559329986572
16,-3.47,100000,218608170,0.03857861274863668,25.921097954341004,1.6200686221463128,88.71619987487793
16,-3.47,100000,218608171,0.03827632739557212,26.125808509927257,1.6328630318704536,93.44018149375916
16,-3.46,100000,218609170,0.022787260764548095,43.88416889298855,2.7427605558117842,88.8153624534607
16,-3.46,100000,218609171,0.021730471446775326,46.018329719597226,2.8761456074748266,88.92211556434631
16,-3.45,100000,218610170,0.001991678426485555,502.08908561838695,31.380567851149184,88.81360244750977
16,-3.45,100000,218610171,0.0027689947256258032,361.14189411249106,22.57136838203069,89.03486847877502
16,-3.44,100000,218611170,0.018584268674742395,53.808950866013106,3.363059429125819,89.72467231750488
16,-3.44,100000,218611171,0.01860589402895115,53.74640952184183,3.359150595115114,89.14048838615417
16,-3.43,100000,218612170,0.03576892035302624,27.957231868626828,1.7473269917891767,89.64654207229614
16,-3.43,100000,218612171,0.034710783863604336,28.809490558596707,1.8005931599122942,89.74113535881042
16,-3.42,100000,218613170,0.0492420514614742,20.307846044602265,1.2692403777876415,89.50996017456055
16,-3.42,100000,218613171,0.050378941790432445,19.849563417981752,1.2405977136238595,89.38237380981445
16,-3.41,100000,218614170,0.06118385576482501,16.344180789189593,1.0215112993243496,88.36366868019104
16,-3.41,100000,218614171,0.06110158111638767,16.366188594942862,1.022886787183929,88.45407605171204
16,-3.4,100000,218615170,0.07223625834551041,13.843463419948183,0.8652164637467614,88.74794435501099
16,-3.4,100000,218615171,0.07233118147137564,13.825296084728551,0.8640810052955344,88.21795177459717
