M,h,n,mean_gamma,std_gamma,mean_xi,std_xi,mean_Lambda,std_Lambda,mean_runtime_sec
8,-3.48,2,0.030526630090911902,0.0006044923479427527,32.76470732859143,0.6488110480499215,4.095588416073928,0.08110138100624019,37.29409432411194
8,-3.47,2,0.020810982289168847,0.000791217930381084,48.08630560943385,1.828205256018556,6.010788201179231,0.2285256570023195,37.38614118099213
8,-3.46,2,0.01033676514707145,5.509503978589592e-05,96.74343863535867,0.5156432911846774,12.092929829419834,0.06445541139808719,37.237756848335266
8,-3.45,2,0.0012544335013402,0.00026455820871423277,815.3042191191553,171.94647905759865,101.91302738989441,21.49330988219983,37.46386122703552
8,-3.44,2,0.00915478350852815,3.461526472702946e-05,109.23329290362057,0.41302334974336374,13.654161612952569,0.051627918717922355,37.36821782588959
8,-3.43,2,0.019588797520866848,0.000441136629274183,51.062533823016935,1.1499202045908845,6.382816727877117,0.14374002557386056,37.40525555610657
8,-3.42,2,0.02900156608908375,0.000582153242380449,34.48784467416421,0.692280221630358,4.310980584270526,0.08653502770379475,37.29638123512268
8,-3.41,2,0.03846706109963085,0.0011783696782918125,26.008470325530055,0.7967230127349673,3.251058790691257,0.09959037659187091,37.46264934539794
8,-3.4,2,0.045829571331372096,0.0010085014898643197,21.825257143929747,0.48027515219761285,2.7281571429912175,0.060034394024701294,37.319685220718384
12,-3.48,2,0.05003849319891545,0.00013172382971120104,19.984683809985118,0.052608680212520624,1.6653903174987597,0.004384056684376587,63.88055408000946
12,-3.47,2,0.0343558645337999,0.0007923238474654002,29.114854718664184,0.671454321470879,2.426237893222015,0.05595452678923982,63.64113390445709
12,-3.46,2,0.0168526377922352,0.0007754853443688512,59.400780765432515,2.7333664614144393,4.950065063786043,0.22778053845120308,63.57257902622222
12,-3.45,2,0.00268713584891655,0.000278630900201581,374.15485843487966,38.79636567780888,31.17957153623997,3.23303047315074,65.38091909885406
12,-3.44,2,0.01944377721789515,0.0004664299780912977,51.445138425537436,1.2340994509360457,4.287094868794786,0.10284162091133757,65.86025738716125
12,-3.43,2,0.0348823228537848,0.000520796304125597,28.671011114866204,0.42806084579732095,2.3892509262388506,0.03567173714977701,64.39410543441772
12,-3.42,2,0.0475419461716969,1.2356657183996812e-05,21.034057591274998,0.005466975161368045,1.7528381326062497,0.0004555812634473109,65.24768149852753
12,-3.41,2,0.0593554353516546,0.00025026978362849826,16.847806496900702,0.07103809215808449,1.4039838747417255,0.005919841013173839,66.12527132034302
12,-3.4,2,0.07000562946341375,0.00045333075720961136,14.284865017504991,0.09250354185311753,1.1904054181254158,0.007708628487759664,65.7015210390091
16,-3.48,2,0.05365723697553855,0.0009668407627059521,18.639840996204114,0.3358681717752937,1.1649900622627571,0.020991760735956093,89.06299805641174
16,-3.47,2,0.038427470072104356,0.00021374802300528053,26.02345323213413,0.14475222203550514,1.6264658270083832,0.009047013877219071,91.07819068431854
16,-3.46,2,0.022258866105661648,0.0007472628928825823,44.95124930629289,1.5090795926376839,2.809453081643305,0.09431747453985571,88.8687390089035
16,-3.45,2,0.00238033657605565,0.0005496456262489372,431.61548986543903,99.6647149030179,26.97596811658994,6.229044681438622,88.9242354631424
16,-3.44,2,0.0185950813518467,1.529143460660248e-05,53.777680193927466,0.04422340856803596,3.3611050121204666,0.0027639630355020903,89.43258035182953
16,-3.43,2,0.03523985210831525,0.0007482154870911505,28.383361213611767,0.6026378990028651,1.7739600758507355,0.03766486868767907,89.69383871555328
16,-3.42,2,0.0498104966259533,0.0008039028610717448,20.078704731292007,0.3240547529833457,1.2549190457057504,0.020253422061459105,89.4461669921875
16,-3.41,2,0.0611427184406063,5.817696182982069e-05,16.355184692066228,0.015561868687172742,1.0221990432541392,0.0009726167929482964,88.40887236595154
16,-3.4,2,0.072283719908443,6.712078599070985e-05,13.834379752338368,0.01284624592989011,0.864648734521148,0.0008028903706182103,88.48294806480408
