M,h,n_slices,seed,seed_index,gamma_min_pos,xi_M,Lambda,runtime_sec
8,-3.458,100000,210607180,0,0.008028341521483809,124.5587270202699,15.569840877533737,37.33332085609436
8,-3.458,100000,210607181,1,0.007706238731602959,129.7649910453776,16.2206238806722,37.19264769554138
8,-3.458,100000,210607182,2,0.009038785582338884,110.63433144757032,13.82929143094629,37.28368782997131
8,-3.458,100000,210607183,3,0.008053768077089983,124.16548259498971,15.520685324373714,37.249452352523804
8,-3.456,100000,210608180,0,0.006422256813873027,155.7085038766827,19.463562984585337,37.498817443847656
8,-3.456,100000,210608181,1,0.0054499751178227526,183.48707624916585,22.93588453114573,37.28393888473511
8,-3.456,100000,210608182,2,0.0057485171092504185,173.95790618606955,21.744738273258694,37.143399715423584
8,-3.456,100000,210608183,3,0.005313421538690375,188.2026473371949,23.52533091714936,37.36734318733215
8,-3.454,100000,210609180,0,0.004723520029598281,211.70652262165734,26.463315327707168,37.21034216880798
8,-3.454,100000,210609181,1,0.005045421787040319,198.19948503980424,24.77493562997553,37.03010082244873
8,-3.454,100000,210609182,2,0.0038150511484638236,262.11968361227923,32.764960451534904,37.23711347579956
8,-3.454,100000,210609183,3,0.004800408135478209,208.31562062594946,26.039452578243683,37.21336555480957
8,-3.452,100000,210610180,0,0.002880451656013828,347.16777763382794,43.39597220422849,37.136900663375854
8,-3.452,100000,210610181,1,0.0020267599236225573,493.39834893352156,61.674793616690195,37.1009407043457
8,-3.452,100000,210610182,2,0.00268165033286972,372.9046951956141,46.613086899451766,37.224311113357544
8,-3.452,100000,210610183,3,0.0025391322894887766,393.83532876159745,49.22941609519968,37.207382678985596
8,-3.45,100000,210611180,0,0.001819893637680826,549.482661675957,68.68533270949463,37.176886796951294
8,-3.45,100000,210611181,1,0.0012719369862845846,786.2024697631199,98.27530872038999,37.27630305290222
8,-3.45,100000,210611182,2,0.002105582379173744,474.9279866183208,59.3659983272901,37.01589298248291
8,-3.45,100000,210611183,3,0.0016237949211588638,615.8413152852602,76.98016441065752,37.226898431777954
8,-3.448,100000,210612180,0,0.002174674527171487,459.8389264717513,57.47986580896891,37.22302794456482
8,-3.448,100000,210612181,1,0.0014448513141131103,692.112738682615,86.51409233532688,37.230286598205566
8,-3.448,100000,210612182,2,0.0015295593217605097,653.7830771081233,81.72288463851541,36.93002772331238
8,-3.448,100000,210612183,3,0.0013150385907703729,760.4339576180668,95.05424470225834,37.218852281570435
8,-3.446,100000,210613180,0,0.0025204229392107066,396.75880759645804,49.594850949557255,36.92344379425049
8,-3.446,100000,210613181,1,0.002814094264428425,355.3541232219922,44.419265402749026,37.01300001144409
8,-3.446,100000,210613182,2,0.003747521515976569,266.8430309837486,33.35537887296857,37.259241819381714
8,-3.446,100000,210613183,3,0.003542211183600908,282.30953722624446,35.28869215328056,37.133540630340576
8,-3.444,100000,210614180,0,0.004502388132012892,222.10435233022167,27.76304404127771,36.98058080673218
8,-3.444,100000,210614181,1,0.005539634117975113,180.5173371929349,22.56466714911686,37.219027042388916
8,-3.444,100000,210614182,2,0.005826566118550084,171.62767565896013,21.453459457370016,37.26823019981384
8,-3.444,100000,210614183,3,0.0045980408515715575,217.48393115259327,27.18549139407416,37.29142141342163
8,-3.442,100000,210615180,0,0.00883252646722826,113.2178888690962,14.152236108637025,37.21954560279846
8,-3.442,100000,210615181,1,0.006557495862525566,152.49723689720457,19.06215461215057,37.05741810798645
8,-3.442,100000,210615182,2,0.007572928551252848,132.04931133736397,16.506163917170497,37.07012891769409
8,-3.442,100000,210615183,3,0.006674795232002281,149.817330006695,18.727166250836873,37.07213830947876
12,-3.458,100000,214607180,0,0.01277142506552958,78.29979778051761,6.524983148376467,64.26859760284424
12,-3.458,100000,214607181,1,0.01346669807481912,74.25725255323448,6.188104379436207,63.98234415054321
12,-3.458,100000,214607182,2,0.013425647476853,74.48430339945155,6.207025283287629,63.87782573699951
12,-3.458,100000,214607183,3,0.013859209227868556,72.15418885438045,6.012849071198371,63.82338070869446
12,-3.456,100000,214608180,0,0.009553704672663718,104.67143733899667,8.722619778249722,64.9379985332489
12,-3.456,100000,214608181,1,0.009626997961694932,103.8745415734917,8.656211797790975,64.07887029647827
12,-3.456,100000,214608182,2,0.009109274355814982,109.77822831317421,9.148185692764518,64.76522541046143
12,-3.456,100000,214608183,3,0.008792657220278255,113.7312617730313,9.477605147752609,64.47762370109558
12,-3.454,100000,214609180,0,0.005248054410056909,190.54680494235885,15.878900411863237,63.97407937049866
12,-3.454,100000,214609181,1,0.0041291136055126255,242.18272867690956,20.18189405640913,63.83997702598572
12,-3.454,100000,214609182,2,0.00530470474935364,188.51190542166302,15.70932545180525,64.52916717529297
12,-3.454,100000,214609183,3,0.004396688775332483,227.44389041373043,18.953657534477536,64.66797089576721
12,-3.452,100000,214610180,0,0.0017872602750908558,559.515597105276,46.626299758773,64.36830139160156
12,-3.452,100000,214610181,1,0.0017051076840656676,586.4732235653263,48.87276863044386,64.35806179046631
12,-3.452,100000,214610182,2,0.0012861163262679522,777.534644087597,64.79455367396642,64.4807710647583
12,-3.452,100000,214610183,3,0.0019039974764881674,525.2107801342532,43.76756501118777,64.75798010826111
12,-3.45,100000,214611180,0,0.0028342790726398072,352.8234074242429,29.401950618686907,64.4358298778534
12,-3.45,100000,214611181,1,0.0027284074931597296,366.51416714953905,30.54284726246159,64.81137084960938
12,-3.45,100000,214611182,2,0.0024766703324445314,403.76790842928887,33.64732570244074,65.10271430015564
12,-3.45,100000,214611183,3,0.0017601148404923176,568.1447465781791,47.34539554818159,64.48774218559265
12,-3.448,100000,214612180,0,0.005612269554643763,178.18103536608814,14.848419613840678,64.5661871433258
12,-3.448,100000,214612181,1,0.006910878181858257,144.6994106516158,12.058284220967984,65.89134335517883
12,-3.448,100000,214612182,2,0.0064875576571313456,154.14121197069682,12.845100997558069,63.32549262046814
12,-3.448,100000,214612183,3,0.0061189533744140405,163.42664158570443,13.618886798808703,64.58031511306763
12,-3.446,100000,214613180,0,0.01159693310495868,86.22969460541378,7.185807883784482,65.69950580596924
12,-3.446,100000,214613181,1,0.009394526771057425,106.44495719367059,8.870413099472549,63.25425982475281
12,-3.446,100000,214613182,2,0.010306438468922614,97.02672780857685,8.085560650714738,63.82805776596069
12,-3.446,100000,214613183,3,0.008728907482961457,114.5618740892795,9.546822840773292,63.606234312057495
12,-3.444,100000,214614180,0,0.013155723314542234,76.01254420535037,6.334378683779197,60.26084089279175
12,-3.444,100000,214614181,1,0.01261417383127843,79.27590132937397,6.606325110781164,58.79271626472473
12,-3.444,100000,214614182,2,0.013606555910605266,73.4939838244134,6.12449865203445,59.158371448516846
12,-3.444,100000,214614183,3,0.014524462513814758,68.84936355124073,5.737446962603394,59.26289939880371
12,-3.442,100000,214615180,0,0.016765710275083247,59.645549373841526,4.970462447820127,57.76948833465576
12,-3.442,100000,214615181,1,0.017926022227295318,55.784824280611204,4.648735356717601,59.80992913246155
12,-3.442,100000,214615182,2,0.018515107562137673,54.0099481811784,4.5008290150982,58.90758013725281
12,-3.442,100000,214615183,3,0.017708915129950212,56.468732989111764,4.705727749092647,59.39766812324524
16,-3.458,100000,218607180,0,0.0176616584442734,56.619824415426805,3.5387390259641753,83.71311688423157
16,-3.458,100000,218607181,1,0.017690780831639615,56.52661742389118,3.532913588993199,83.42996287345886
16,-3.458,100000,218607182,2,0.01800968924297403,55.52566657362629,3.470354160851643,81.62870287895203
16,-3.458,100000,218607183,3,0.01799354717613415,55.57547882089397,3.473467426305873,83.37187576293945
16,-3.456,100000,218608180,0,0.015008187136101792,66.63029924477199,4.164393702798249,83.17908358573914
16,-3.456,100000,218608181,1,0.012550586781713245,79.67754953553596,4.9798468459709975,83.17297911643982
16,-3.456,100000,218608182,2,0.013079679708539993,76.4544715377915,4.778404471111969,82.76936769485474
16,-3.456,100000,218608183,3,0.013669229984416354,73.15701039049405,4.572313149405878,82.96584725379944
16,-3.454,100000,218609180,0,0.010500111117014953,95.23708738467971,5.952317961542482,82.39037132263184
16,-3.454,100000,218609181,1,0.009307802817979561,107.43674093184855,6.714796308240534,83.13834977149963
16,-3.454,100000,218609182,2,0.010451667378472886,95.67851365607771,5.979907103504857,81.79347515106201
16,-3.454,100000,218609183,3,0.009776898061032106,102.28192968337386,6.392620605210866,82.08793592453003
16,-3.452,100000,218610180,0,0.0055756469798307106,179.3513835465893,11.20946147166183,82.16315817832947
16,-3.452,100000,218610181,1,0.005785476220583505,172.84661830295158,10.802913643934474,81.70505452156067
16,-3.452,100000,218610182,2,0.006755824653624619,148.0204196039165,9.251276225244782,83.57081580162048
16,-3.452,100000,218610183,3,0.004939831365710657,202.43606025529527,12.652253765955955,88.0665807723999
16,-3.45,100000,218611180,0,0.001860681973188914,537.4373559852136,33.58983474907585,81.24540591239929
16,-3.45,100000,218611181,1,0.0020946717607880747,477.4017670547923,29.837610440924518,81.63063955307007
16,-3.45,100000,218611182,2,0.0014837535457286448,673.9663759380726,42.12289849612954,81.35256862640381
16,-3.45,100000,218611183,3,0.0023615021440950177,423.45928099219367,26.466205062012104,83.12957119941711
16,-3.448,100000,218612180,0,0.0018651723933337519,536.1434704770805,33.508966904817534,83.19966578483582
16,-3.448,100000,218612181,1,0.002509070240564814,398.55400770880414,24.90962548180026,90.00304746627808
16,-3.448,100000,218612182,2,0.0029069409423674863,344.00423669617953,21.50026479351122,84.71984219551086
16,-3.448,100000,218612183,3,0.0031161084554367723,320.9130921792111,20.057068261200694,81.37236523628235
16,-3.446,100000,218613180,0,0.006676719903387107,149.77414276323003,9.360883922701877,81.58602809906006
16,-3.446,100000,218613181,1,0.00707827453169764,141.2773685905853,8.829835536911581,82.22802376747131
16,-3.446,100000,218613182,2,0.006660937333839089,150.12902086914565,9.383063804321603,83.26715135574341
16,-3.446,100000,218613183,3,0.0076797445873627995,130.21266379685642,8.138291487303526,83.68453454971313
16,-3.444,100000,218614180,0,0.011945783256136157,83.71154729316999,5.231971705823124,84.31396055221558
16,-3.444,100000,218614181,1,0.01015770336847986,98.44745054310972,6.152965658944358,83.86855959892273
16,-3.444,100000,218614182,2,0.010635052613319255,94.02868385884692,5.876792741177932,82.7646791934967
16,-3.444,100000,218614183,3,0.009599364742440178,104.17356010849922,6.510847506781201,83.03174924850464
16,-3.442,100000,218615180,0,0.014981457418902978,66.74918013905922,4.171823758691201,83.47983884811401
16,-3.442,100000,218615181,1,0.014640731798665865,68.30259673844479,4.268912296152799,83.71802306175232
16,-3.442,100000,218615182,2,0.01450875829095797,68.9238858313059,4.3077428644566185,83.83439564704895
16,-3.442,100000,218615183,3,0.014256404060800039,70.14391537552157,4.383994710970098,82.6076819896698
