bott_float,bott,abs_bott,integer_residual,n_occupied,highest_occupied,lowest_unoccupied,spectral_gap,min_abs_energy,Lx,Ly,L,h,n_impurities,p_eff,fermi_energy,runtime_sec,realization,seed,ensemble,p_target,rounding,boundary,t,u,A
3.8873446106776316e-16,0,0,3.8873446106776316e-16,64,-0.023856702916098094,0.02385670291610431,0.047713405832202405,0.023856702916098094,8,8,8,-3.52,2,0.03125,0.0,0.08154329999979382,0,2575940621,fixed_count,0.03,round,left_impurity_boundary,1.0,-2.05,1.5
-8.481479150569378e-16,0,0,8.481479150569378e-16,64,-0.10957788533138935,0.10957788533138801,0.21915577066277736,0.10957788533138801,8,8,8,-3.52,2,0.03125,0.0,0.029042199999821605,1,3748074001,fixed_count,0.03,round,left_impurity_boundary,1.0,-2.05,1.5
1.7139655783442284e-15,0,0,1.7139655783442284e-15,64,-0.034013125631068064,0.03401312563107428,0.06802625126214235,0.034013125631068064,8,8,8,-3.52,2,0.03125,0.0,0.14825780000046507,2,3958715630,fixed_count,0.03,round,left_impurity_boundary,1.0,-2.05,1.5
-9.895059008997609e-16,0,0,9.895059008997609e-16,64,-0.02385670291609543,0.023856702916097206,0.047713405832192635,0.02385670291609543,8,8,8,-3.52,2,0.03125,0.0,0.14526159999968513,3,1330625441,fixed_count,0.03,round,left_impurity_boundary,1.0,-2.05,1.5
1.7669748230352872e-16,0,0,1.7669748230352872e-16,64,-0.023193735516991332,0.023193735516988667,0.04638747103398,0.023193735516988667,8,8,8,-3.52,2,0.03125,0.0,0.13641550000011193,4,2405707953,fixed_count,0.03,round,left_impurity_boundary,1.0,-2.05,1.5
-7.421294256748206e-16,0,0,7.421294256748206e-16,64,-0.034013125631067176,0.034013125631067176,0.06802625126213435,0.034013125631067176,8,8,8,-3.52,2,0.03125,0.0,0.026483700000426325,5,141239697,fixed_count,0.03,round,left_impurity_boundary,1.0,-2.05,1.5
2.8271597168564594e-16,0,0,2.8271597168564594e-16,64,-0.006940839001619459,0.00694083900161413,0.013881678003233588,0.00694083900161413,8,8,8,-3.5,2,0.03125,0.0,0.026853399999708927,0,1678885974,fixed_count,0.03,round,left_impurity_boundary,1.0,-2.05,1.5
-1.5902773407317584e-15,0,0,1.5902773407317584e-15,64,-0.04056750340031279,0.040567503400311455,0.08113500680062424,0.040567503400311455,8,8,8,-3.5,2,0.03125,0.0,0.03149070000017673,1,2944525560,fixed_count,0.03,round,left_impurity_boundary,1.0,-2.05,1.5
-8.834874115176435e-16,0,0,8.834874115176435e-16,64,-0.013429494893218319,0.013429494893220095,0.026858989786438414,0.013429494893218319,8,8,8,-3.5,2,0.03125,0.0,0.041511000000355125,2,2452957047,fixed_count,0.03,round,left_impurity_boundary,1.0,-2.05,1.5
1.7493050748049341e-15,0,0,1.7493050748049341e-15,64,-0.026583639814584892,0.026583639814588444,0.053167279629173336,0.026583639814584892,8,8,8,-3.5,2,0.03125,0.0,0.03223580000030779,3,3827597845,fixed_count,0.03,round,left_impurity_boundary,1.0,-2.05,1.5
8.481479150569378e-16,0,0,8.481479150569378e-16,64,-0.007620821810430556,0.007620821810436773,0.015241643620867329,0.007620821810430556,8,8,8,-3.5,2,0.03125,0.0,0.03700170000047365,4,768324809,fixed_count,0.03,round,left_impurity_boundary,1.0,-2.05,1.5
2.438425255788696e-15,0,0,2.438425255788696e-15,64,-0.0076208218104287795,0.007620821810431444,0.015241643620860224,0.0076208218104287795,8,8,8,-3.5,2,0.03125,0.0,0.04672560000017256,5,3860448312,fixed_count,0.03,round,left_impurity_boundary,1.0,-2.05,1.5
2.1733790323334032e-15,0,0,2.1733790323334032e-15,64,-0.019101144391356684,0.019101144391356684,0.03820228878271337,0.019101144391356684,8,8,8,-3.48,2,0.03125,0.0,0.03264390000003914,0,3179858324,fixed_count,0.03,round,left_impurity_boundary,1.0,-2.05,1.5
2.473764752249402e-16,0,0,2.473764752249402e-16,64,-0.012261913224924648,0.01226191322492376,0.024523826449848407,0.01226191322492376,8,8,8,-3.48,2,0.03125,0.0,0.042062600000463135,1,4259971857,fixed_count,0.03,round,left_impurity_boundary,1.0,-2.05,1.5
1.0248453973604666e-15,0,0,1.0248453973604666e-15,64,-0.04665447354252805,0.04665447354252539,0.09330894708505344,0.04665447354252539,8,8,8,-3.48,2,0.03125,0.0,0.04810170000018843,2,1734707882,fixed_count,0.03,round,left_impurity_boundary,1.0,-2.05,1.5
0.0,0,0,0.0,64,-0.036257594247122604,0.03625759424712438,0.07251518849424698,0.036257594247122604,8,8,8,-3.48,2,0.03125,0.0,0.041251099999499274,3,1309663589,fixed_count,0.03,round,left_impurity_boundary,1.0,-2.05,1.5
-9.011571597479964e-16,0,0,9.011571597479964e-16,64,-0.014363806664027479,0.014363806664028367,0.028727613328055845,0.014363806664027479,8,8,8,-3.48,2,0.03125,0.0,0.05108730000029027,4,3059662883,fixed_count,0.03,round,left_impurity_boundary,1.0,-2.05,1.5
1.095524390281878e-15,0,0,1.095524390281878e-15,64,-0.019101144391356684,0.019101144391362013,0.038202288782718696,0.019101144391356684,8,8,8,-3.48,2,0.03125,0.0,0.07148710000001302,5,1980175825,fixed_count,0.03,round,left_impurity_boundary,1.0,-2.05,1.5
-1.0601848938211723e-15,0,0,1.0601848938211723e-15,64,-4.582663504629804e-05,4.582663504464891e-05,9.165327009094695e-05,4.582663504464891e-05,8,8,8,-3.46,2,0.03125,0.0,0.0396602000000712,0,987428830,fixed_count,0.03,round,left_impurity_boundary,1.0,-2.05,1.5
-4.0640420929811603e-16,0,0,4.0640420929811603e-16,64,-0.03391131736097641,0.033911317360979965,0.06782263472195638,0.03391131736097641,8,8,8,-3.46,2,0.03125,0.0,0.03915619999952469,1,1979694937,fixed_count,0.03,round,left_impurity_boundary,1.0,-2.05,1.5
2.8271597168564594e-16,0,0,2.8271597168564594e-16,64,-0.02182423982005055,0.021824239820049662,0.04364847964010021,0.021824239820049662,8,8,8,-3.46,2,0.03125,0.0,0.05045830000017304,2,3479115886,fixed_count,0.03,round,left_impurity_boundary,1.0,-2.05,1.5
-2.4030857593279904e-15,0,0,2.4030857593279904e-15,64,-0.003159812497541381,0.0031598124975422692,0.00631962499508365,0.003159812497541381,8,8,8,-3.46,2,0.03125,0.0,0.04975289999947563,3,444103807,fixed_count,0.03,round,left_impurity_boundary,1.0,-2.05,1.5
1.0000000000000007,1,1,6.661338147750939e-16,64,-0.007092804805819419,0.007092804805822972,0.014185609611642391,0.007092804805819419,8,8,8,-3.46,2,0.03125,0.0,0.051238699999885284,4,3575710365,fixed_count,0.03,round,left_impurity_boundary,1.0,-2.05,1.5
1.2722218725854067e-15,0,0,1.2722218725854067e-15,64,-0.01565723083903503,0.01565723083903592,0.03131446167807095,0.01565723083903503,8,8,8,-3.46,2,0.03125,0.0,0.041957600000387174,5,798707152,fixed_count,0.03,round,left_impurity_boundary,1.0,-2.05,1.5
1.0000000000000018,1,1,1.7763568394002505e-15,64,-0.004236261387841722,0.004236261387847939,0.008472522775689662,0.004236261387841722,8,8,8,-3.44,2,0.03125,0.0,0.049118199999611534,0,3213922042,fixed_count,0.03,round,left_impurity_boundary,1.0,-2.05,1.5
1.000000000000001,1,1,1.1102230246251565e-15,64,-0.00887381708708812,0.008873817087085456,0.017747634174173577,0.008873817087085456,8,8,8,-3.44,2,0.03125,0.0,0.04521600000043691,1,3591059131,fixed_count,0.03,round,left_impurity_boundary,1.0,-2.05,1.5
-1.3252311172764653e-15,0,0,1.3252311172764653e-15,64,-0.058757989384374376,0.058757989384379705,0.11751597876875408,0.058757989384374376,8,8,8,-3.44,2,0.03125,0.0,0.029738799999904586,2,2058907773,fixed_count,0.03,round,left_impurity_boundary,1.0,-2.05,1.5
1.2545521243550538e-15,0,0,1.2545521243550538e-15,64,-0.003985124026713471,0.0039851240267188,0.007970248053432272,0.003985124026713471,8,8,8,-3.44,2,0.03125,0.0,0.05456400000002759,3,3607493389,fixed_count,0.03,round,left_impurity_boundary,1.0,-2.05,1.5
1.000000000000001,1,1,1.1102230246251565e-15,64,-0.005329725971970234,0.0053297259719782275,0.010659451943948461,0.005329725971970234,8,8,8,-3.44,2,0.03125,0.0,0.04959039999994275,4,3537209986,fixed_count,0.03,round,left_impurity_boundary,1.0,-2.05,1.5
1.0,1,1,0.0,64,-0.0053297259719782275,0.0053297259719782275,0.010659451943956455,0.0053297259719782275,8,8,8,-3.44,2,0.03125,0.0,0.04498340000009193,5,2730817572,fixed_count,0.03,round,left_impurity_boundary,1.0,-2.05,1.5
-1.219212627894348e-15,0,0,1.219212627894348e-15,64,-0.0011676558717068272,0.0011676558717121574,0.002335311743418985,0.0011676558717068272,8,8,8,-3.42,2,0.03125,0.0,0.03605119999974704,0,4287739482,fixed_count,0.03,round,left_impurity_boundary,1.0,-2.05,1.5
6.361109362927033e-16,0,0,6.361109362927033e-16,64,-0.010768467206969667,0.010768467206967891,0.02153693441393756,0.010768467206967891,8,8,8,-3.42,2,0.03125,0.0,0.049005400000169175,1,193257578,fixed_count,0.03,round,left_impurity_boundary,1.0,-2.05,1.5
9.54166404439055e-16,0,0,9.54166404439055e-16,64,-0.0036440243083282198,0.0036440243083264434,0.007288048616654663,0.0036440243083264434,8,8,8,-3.42,2,0.03125,0.0,0.04118399999970279,2,3080832881,fixed_count,0.03,round,left_impurity_boundary,1.0,-2.05,1.5
1.0000000000000009,1,1,8.881784197001252e-16,64,-0.016411591097544864,0.016411591097545752,0.03282318219509062,0.016411591097544864,8,8,8,-3.42,2,0.03125,0.0,0.026857400000153575,3,2111476311,fixed_count,0.03,round,left_impurity_boundary,1.0,-2.05,1.5
1.000000000000001,1,1,1.1102230246251565e-15,64,-0.01168363477472667,0.011683634774722229,0.0233672695494489,0.011683634774722229,8,8,8,-3.42,2,0.03125,0.0,0.034277799999472336,4,3981333086,fixed_count,0.03,round,left_impurity_boundary,1.0,-2.05,1.5
0.9999999999999986,1,1,1.4432899320127035e-15,64,-0.012758452309124202,0.012758452309127755,0.025516904618251957,0.012758452309124202,8,8,8,-3.42,2,0.03125,0.0,0.05951139999979205,5,2868666017,fixed_count,0.03,round,left_impurity_boundary,1.0,-2.05,1.5
1.0000000000000002,1,1,2.220446049250313e-16,64,-0.022502267261718778,0.022502267261716113,0.04500453452343489,0.022502267261716113,8,8,8,-3.4,2,0.03125,0.0,0.0324492999998256,0,2384578853,fixed_count,0.03,round,left_impurity_boundary,1.0,-2.05,1.5
1.0000000000000007,1,1,6.661338147750939e-16,64,-0.019181508058438546,0.01918150805843677,0.038363016116875315,0.01918150805843677,8,8,8,-3.4,2,0.03125,0.0,0.023774000000230444,1,3628900810,fixed_count,0.03,round,left_impurity_boundary,1.0,-2.05,1.5
2.8271597168564594e-16,0,0,2.8271597168564594e-16,64,-0.018547634251920186,0.018547634251924627,0.037095268503844814,0.018547634251920186,8,8,8,-3.4,2,0.03125,0.0,0.02306289999978617,2,3445745890,fixed_count,0.03,round,left_impurity_boundary,1.0,-2.05,1.5
0.9999999999999999,1,1,1.1102230246251565e-16,64,-0.023999781245500174,0.023999781245503726,0.0479995624910039,0.023999781245500174,8,8,8,-3.4,2,0.03125,0.0,0.02385340000000724,3,3426245814,fixed_count,0.03,round,left_impurity_boundary,1.0,-2.05,1.5
-6.714504327534091e-16,0,0,6.714504327534091e-16,64,-0.011317361098981848,0.011317361098979184,0.022634722197961032,0.011317361098979184,8,8,8,-3.4,2,0.03125,0.0,0.029623399999763933,4,3715567106,fixed_count,0.03,round,left_impurity_boundary,1.0,-2.05,1.5
-6.537806845230562e-16,0,0,6.537806845230562e-16,64,-0.044391519096408594,0.044391519096407706,0.0887830381928163,0.044391519096407706,8,8,8,-3.4,2,0.03125,0.0,0.03161030000046594,5,4082841641,fixed_count,0.03,round,left_impurity_boundary,1.0,-2.05,1.5
3.1805546814635167e-16,0,0,3.1805546814635167e-16,64,-0.01903215753514509,0.01903215753514509,0.03806431507029018,0.01903215753514509,8,8,8,-3.38,2,0.03125,0.0,0.02580370000032417,0,3920230301,fixed_count,0.03,round,left_impurity_boundary,1.0,-2.05,1.5
-8.834874115176435e-16,0,0,8.834874115176435e-16,64,-0.019032157535137983,0.019032157535143313,0.038064315070281296,0.019032157535137983,8,8,8,-3.38,2,0.03125,0.0,0.0293309999997291,1,237811667,fixed_count,0.03,round,left_impurity_boundary,1.0,-2.05,1.5
0.9999999999999999,1,1,1.1102230246251565e-16,64,-0.027771147690866194,0.027771147690866638,0.05554229538173283,0.027771147690866194,8,8,8,-3.38,2,0.03125,0.0,0.03576599999996688,2,1705869286,fixed_count,0.03,round,left_impurity_boundary,1.0,-2.05,1.5
1.0,1,1,0.0,64,-0.026729002206008268,0.026729002206008268,0.053458004412016535,0.026729002206008268,8,8,8,-3.38,2,0.03125,0.0,0.024709299999813084,3,2961574952,fixed_count,0.03,round,left_impurity_boundary,1.0,-2.05,1.5
1.3782403619675238e-15,0,0,1.3782403619675238e-15,64,-0.07659798544046303,0.0765979854404617,0.15319597088092474,0.0765979854404617,8,8,8,-3.38,2,0.03125,0.0,0.0235210000000734,4,634238680,fixed_count,0.03,round,left_impurity_boundary,1.0,-2.05,1.5
7.421294256748206e-16,0,0,7.421294256748206e-16,64,-0.07659798544046303,0.07659798544046215,0.15319597088092518,0.07659798544046215,8,8,8,-3.38,2,0.03125,0.0,0.023422499999469437,5,3636524506,fixed_count,0.03,round,left_impurity_boundary,1.0,-2.05,1.5
1.0000000000000007,1,1,6.661338147750939e-16,64,-0.03932385602266475,0.039323856022667414,0.07864771204533216,0.03932385602266475,8,8,8,-3.36,2,0.03125,0.0,0.03198569999949541,0,955393022,fixed_count,0.03,round,left_impurity_boundary,1.0,-2.05,1.5
1.0000000000000013,1,1,1.3322676295501878e-15,64,-0.034325145186597794,0.03432514518659735,0.06865029037319514,0.03432514518659735,8,8,8,-3.36,2,0.03125,0.0,0.02598519999992277,1,451827188,fixed_count,0.03,round,left_impurity_boundary,1.0,-2.05,1.5
1.0,1,1,0.0,64,-0.03776141428422353,0.037761414284219974,0.0755228285684435,0.037761414284219974,8,8,8,-3.36,2,0.03125,0.0,0.027979199999208504,2,3745374092,fixed_count,0.03,round,left_impurity_boundary,1.0,-2.05,1.5
2.8271597168564594e-16,0,0,2.8271597168564594e-16,64,-0.06197105129419622,0.06197105129419134,0.12394210258838756,0.06197105129419134,8,8,8,-3.36,2,0.03125,0.0,0.040208999999777006,3,3549962666,fixed_count,0.03,round,left_impurity_boundary,1.0,-2.05,1.5
0.9999999999999994,1,1,5.551115123125783e-16,64,-0.0207516928450433,0.020751692845041525,0.041503385690084826,0.020751692845041525,8,8,8,-3.36,2,0.03125,0.0,0.03481459999966319,4,2531265391,fixed_count,0.03,round,left_impurity_boundary,1.0,-2.05,1.5
-1.6609563336531698e-15,0,0,1.6609563336531698e-15,64,-0.026785383434542176,0.0267853834345404,0.053570766869082576,0.0267853834345404,8,8,8,-3.36,2,0.03125,0.0,0.02512380000007397,5,1412426793,fixed_count,0.03,round,left_impurity_boundary,1.0,-2.05,1.5
1.573159772133604e-15,0,0,1.573159772133604e-15,100,-0.05762849335722054,0.05762849335722134,0.11525698671444187,0.05762849335722054,10,10,10,-3.52,3,0.03,0.0,0.05537039999944682,0,3664784129,fixed_count,0.03,round,left_impurity_boundary,1.0,-2.05,1.5
1.0480369419128046e-15,0,0,1.0480369419128046e-15,100,-0.0653687393090161,0.06536873930901566,0.13073747861803175,0.06536873930901566,10,10,10,-3.52,3,0.03,0.0,0.0612275999992562,1,3988024172,fixed_count,0.03,round,left_impurity_boundary,1.0,-2.05,1.5
-5.234662913242038e-16,0,0,5.234662913242038e-16,100,-0.03558752887205863,0.03558752887205907,0.0711750577441177,0.03558752887205863,10,10,10,-3.52,3,0.03,0.0,0.05952840000009019,2,1953492261,fixed_count,0.03,round,left_impurity_boundary,1.0,-2.05,1.5
2.3572548498555127e-15,0,0,2.3572548498555127e-15,100,-0.059400741722042044,0.05940074172204555,0.11880148344408759,0.059400741722042044,10,10,10,-3.52,3,0.03,0.0,0.059882000000470725,3,985188031,fixed_count,0.03,round,left_impurity_boundary,1.0,-2.05,1.5
-2.0320210464905801e-16,0,0,2.0320210464905801e-16,100,-0.04898263171426276,0.04898263171426187,0.09796526342852463,0.04898263171426187,10,10,10,-3.52,3,0.03,0.0,0.049439299999903596,4,2058276516,fixed_count,0.03,round,left_impurity_boundary,1.0,-2.05,1.5
-9.75149230462599e-16,0,0,9.75149230462599e-16,100,-0.12256343003895598,0.1225634300389511,0.24512686007790707,0.1225634300389511,10,10,10,-3.52,3,0.03,0.0,0.06442580000020826,5,1749778448,fixed_count,0.03,round,left_impurity_boundary,1.0,-2.05,1.5
5.4113603955455665e-17,0,0,5.4113603955455665e-17,100,-0.06642683852706899,0.06642683852707165,0.13285367705414064,0.06642683852706899,10,10,10,-3.5,3,0.03,0.0,0.08422710000013467,0,3388471908,fixed_count,0.03,round,left_impurity_boundary,1.0,-2.05,1.5
-1.1043592643970545e-18,0,0,1.1043592643970545e-18,100,-0.06873667457490296,0.06873667457490162,0.13747334914980458,0.06873667457490162,10,10,10,-3.5,3,0.03,0.0,0.051587599999948,1,298626825,fixed_count,0.03,round,left_impurity_boundary,1.0,-2.05,1.5
-6.0739759541838e-16,0,0,6.0739759541838e-16,100,-0.11970869312401078,0.119708693124009,0.23941738624801978,0.119708693124009,10,10,10,-3.5,3,0.03,0.0,0.05125839999982418,2,2030054702,fixed_count,0.03,round,left_impurity_boundary,1.0,-2.05,1.5
9.387053747374963e-16,0,0,9.387053747374963e-16,100,-0.1708871200660953,0.1708871200660984,0.3417742401321937,0.1708871200660953,10,10,10,-3.5,3,0.03,0.0,0.05310319999989588,3,1233565340,fixed_count,0.03,round,left_impurity_boundary,1.0,-2.05,1.5
-2.0596300281005066e-16,0,0,2.0596300281005066e-16,100,-0.1112097068213247,0.1112097068213247,0.2224194136426494,0.1112097068213247,10,10,10,-3.5,3,0.03,0.0,0.05420400000002701,4,4178156086,fixed_count,0.03,round,left_impurity_boundary,1.0,-2.05,1.5
-6.499154270976665e-16,0,0,6.499154270976665e-16,100,-0.13425041325640397,0.13425041325640175,0.2685008265128057,0.13425041325640175,10,10,10,-3.5,3,0.03,0.0,0.06793219999963185,5,2573704417,fixed_count,0.03,round,left_impurity_boundary,1.0,-2.05,1.5
2.251788540105594e-15,0,0,2.251788540105594e-15,100,-0.05476270336022911,0.05476270336022825,0.10952540672045737,0.05476270336022825,10,10,10,-3.48,3,0.03,0.0,0.06598829999984446,0,1232203660,fixed_count,0.03,round,left_impurity_boundary,1.0,-2.05,1.5
-4.445046039198144e-16,0,0,4.445046039198144e-16,100,-0.09503690590238367,0.09503690590238456,0.19007381180476823,0.09503690590238367,10,10,10,-3.48,3,0.03,0.0,0.058659399999669404,1,2468274097,fixed_count,0.03,round,left_impurity_boundary,1.0,-2.05,1.5
4.859180763347039e-16,0,0,4.859180763347039e-16,100,-0.10525329583128862,0.10525329583128773,0.21050659166257635,0.10525329583128773,10,10,10,-3.48,3,0.03,0.0,0.06721790000028705,2,682832849,fixed_count,0.03,round,left_impurity_boundary,1.0,-2.05,1.5
4.754266633229319e-16,0,0,4.754266633229319e-16,100,-0.09547291897853594,0.09547291897853949,0.19094583795707543,0.09547291897853594,10,10,10,-3.48,3,0.03,0.0,0.05366960000083054,3,2342439497,fixed_count,0.03,round,left_impurity_boundary,1.0,-2.05,1.5
-4.058520296659175e-16,0,0,4.058520296659175e-16,100,-0.07457541703524484,0.07457541703524706,0.1491508340704919,0.07457541703524484,10,10,10,-3.48,3,0.03,0.0,0.05994379999992816,4,1053729452,fixed_count,0.03,round,left_impurity_boundary,1.0,-2.05,1.5
2.63941864190896e-16,0,0,2.63941864190896e-16,100,-0.033133477852605786,0.033133477852605786,0.06626695570521157,0.033133477852605786,10,10,10,-3.48,3,0.03,0.0,0.05981289999999717,5,2440605019,fixed_count,0.03,round,left_impurity_boundary,1.0,-2.05,1.5
1.949194101660801e-15,0,0,1.949194101660801e-15,100,-0.10520255116572663,0.10520255116572708,0.2104051023314537,0.10520255116572663,10,10,10,-3.46,3,0.03,0.0,0.0633653000004415,0,1359713083,fixed_count,0.03,round,left_impurity_boundary,1.0,-2.05,1.5
2.4218598668227403e-15,0,0,2.4218598668227403e-15,100,-0.07896078782797478,0.07896078782797522,0.15792157565595,0.07896078782797478,10,10,10,-3.46,3,0.03,0.0,0.11493669999981648,1,2437830948,fixed_count,0.03,round,left_impurity_boundary,1.0,-2.05,1.5
-1.3147397042646933e-15,0,0,1.3147397042646933e-15,100,-0.10989291002799906,0.10989291002799906,0.21978582005599812,0.10989291002799906,10,10,10,-3.46,3,0.03,0.0,0.10471070000039617,2,841968498,fixed_count,0.03,round,left_impurity_boundary,1.0,-2.05,1.5
-7.393685275138279e-16,0,0,7.393685275138279e-16,100,-0.144802038481139,0.14480203848113818,0.2896040769622772,0.14480203848113818,10,10,10,-3.46,3,0.03,0.0,0.08048439999947732,3,1636893251,fixed_count,0.03,round,left_impurity_boundary,1.0,-2.05,1.5
5.499709136697331e-16,0,0,5.499709136697331e-16,100,-0.1783493166145309,0.1783493166145278,0.3566986332290587,0.1783493166145278,10,10,10,-3.46,3,0.03,0.0,0.07868820000021515,4,937856905,fixed_count,0.03,round,left_impurity_boundary,1.0,-2.05,1.5
-8.354477835163716e-16,0,0,8.354477835163716e-16,100,-0.09996795611739628,0.0999679561173954,0.19993591223479168,0.0999679561173954,10,10,10,-3.46,3,0.03,0.0,0.07844660000046133,5,1039946018,fixed_count,0.03,round,left_impurity_boundary,1.0,-2.05,1.5
-6.537806845230562e-16,0,0,6.537806845230562e-16,100,-0.07499343891164667,0.07499343891164889,0.14998687782329556,0.07499343891164667,10,10,10,-3.44,3,0.03,0.0,0.1191367999999784,0,3501044327,fixed_count,0.03,round,left_impurity_boundary,1.0,-2.05,1.5
-6.593024808450415e-16,0,0,6.593024808450415e-16,100,-0.1087752576183636,0.10877525761836493,0.21755051523672853,0.1087752576183636,10,10,10,-3.44,3,0.03,0.0,0.08209749999969063,1,2721953448,fixed_count,0.03,round,left_impurity_boundary,1.0,-2.05,1.5
-3.4014265343429274e-16,0,0,3.4014265343429274e-16,100,-0.04374192744058105,0.04374192744058168,0.08748385488116273,0.04374192744058105,10,10,10,-3.44,3,0.03,0.0,0.08909290000065084,2,997774265,fixed_count,0.03,round,left_impurity_boundary,1.0,-2.05,1.5
3.605732998256383e-16,0,0,3.605732998256383e-16,100,-0.10822114361203017,0.10822114361202884,0.216442287224059,0.10822114361202884,10,10,10,-3.44,3,0.03,0.0,0.08862410000074306,3,4201001682,fixed_count,0.03,round,left_impurity_boundary,1.0,-2.05,1.5
-1.4925415458326191e-15,0,0,1.4925415458326191e-15,100,-0.07042421321148495,0.07042421321148717,0.14084842642297213,0.07042421321148495,10,10,10,-3.44,3,0.03,0.0,0.09673620000012306,4,2622931385,fixed_count,0.03,round,left_impurity_boundary,1.0,-2.05,1.5
1.0237410380960694e-15,0,0,1.0237410380960694e-15,100,-0.04173882017038899,0.04173882017038766,0.08347764034077665,0.04173882017038766,10,10,10,-3.44,3,0.03,0.0,0.09709199999997509,5,3210185459,fixed_count,0.03,round,left_impurity_boundary,1.0,-2.05,1.5
1.0000000000000009,1,1,8.881784197001252e-16,100,-0.06963988794035281,0.06963988794035325,0.13927977588070606,0.06963988794035281,10,10,10,-3.42,3,0.03,0.0,0.09208719999969617,0,3852698565,fixed_count,0.03,round,left_impurity_boundary,1.0,-2.05,1.5
-9.43674991427283e-16,0,0,9.43674991427283e-16,100,-0.09588357488027999,0.09588357488028043,0.19176714976056042,0.09588357488027999,10,10,10,-3.42,3,0.03,0.0,0.09134240000003047,1,2531277012,fixed_count,0.03,round,left_impurity_boundary,1.0,-2.05,1.5
1.0000000000000002,1,1,2.220446049250313e-16,100,-0.07925487034606427,0.07925487034606649,0.15850974069213075,0.07925487034606427,10,10,10,-3.42,3,0.03,0.0,0.11086030000024039,2,2229757182,fixed_count,0.03,round,left_impurity_boundary,1.0,-2.05,1.5
6.167846491657549e-16,0,0,6.167846491657549e-16,100,-0.07090754260784671,0.07090754260784893,0.14181508521569564,0.07090754260784671,10,10,10,-3.42,3,0.03,0.0,0.09810979999929259,3,3452365242,fixed_count,0.03,round,left_impurity_boundary,1.0,-2.05,1.5
-3.7216907210180733e-16,0,0,3.7216907210180733e-16,100,-0.175937641287935,0.17593764128793543,0.3518752825758704,0.175937641287935,10,10,10,-3.42,3,0.03,0.0,0.11270779999995284,4,1017491726,fixed_count,0.03,round,left_impurity_boundary,1.0,-2.05,1.5
2.068464902215683e-15,0,0,2.068464902215683e-15,100,-0.07805007539968845,0.07805007539968711,0.15610015079937556,0.07805007539968711,10,10,10,-3.42,3,0.03,0.0,0.0868969000002835,5,59751939,fixed_count,0.03,round,left_impurity_boundary,1.0,-2.05,1.5
-4.378784483334321e-16,0,0,4.378784483334321e-16,100,-0.11516922821619424,0.11516922821619424,0.23033845643238848,0.11516922821619424,10,10,10,-3.4,3,0.03,0.0,0.06619909999972151,0,249230403,fixed_count,0.03,round,left_impurity_boundary,1.0,-2.05,1.5
0.999999999999999,1,1,9.992007221626409e-16,100,-0.0473076922651005,0.047307692265100336,0.09461538453020084,0.047307692265100336,10,10,10,-3.4,3,0.03,0.0,0.10275539999929606,1,3883250010,fixed_count,0.03,round,left_impurity_boundary,1.0,-2.05,1.5
1.1927080055488187e-16,0,0,1.1927080055488187e-16,100,-0.16903697349768887,0.16903697349768576,0.33807394699537463,0.16903697349768576,10,10,10,-3.4,3,0.03,0.0,0.10932640000009997,2,3719017385,fixed_count,0.03,round,left_impurity_boundary,1.0,-2.05,1.5
1.7840923916334416e-15,0,0,1.7840923916334416e-15,100,-0.06740093334785936,0.06740093334785972,0.13480186669571909,0.06740093334785936,10,10,10,-3.4,3,0.03,0.0,0.11474869999983639,3,3811386819,fixed_count,0.03,round,left_impurity_boundary,1.0,-2.05,1.5
0.9999999999999976,1,1,2.4424906541753444e-15,100,-0.053347566414634784,0.05334756641463523,0.10669513282927001,0.053347566414634784,10,10,10,-3.4,3,0.03,0.0,0.1146323000002667,4,1307380804,fixed_count,0.03,round,left_impurity_boundary,1.0,-2.05,1.5
1.0949722106496795e-15,0,0,1.0949722106496795e-15,100,-0.06740093334785902,0.06740093334785914,0.13480186669571814,0.06740093334785902,10,10,10,-3.4,3,0.03,0.0,0.14247320000049513,5,4050286128,fixed_count,0.03,round,left_impurity_boundary,1.0,-2.05,1.5
1.752065972965927e-15,0,0,1.752065972965927e-15,100,-0.10471623276918329,0.1047162327691824,0.2094324655383657,0.1047162327691824,10,10,10,-3.38,3,0.03,0.0,0.13471759999993083,0,613856301,fixed_count,0.03,round,left_impurity_boundary,1.0,-2.05,1.5
0.9999999999999981,1,1,1.887379141862766e-15,100,-0.083774300845457,0.08377430084545523,0.16754860169091224,0.08377430084545523,10,10,10,-3.38,3,0.03,0.0,0.12431820000074367,1,3947057286,fixed_count,0.03,round,left_impurity_boundary,1.0,-2.05,1.5
1.0000000000000018,1,1,1.7763568394002505e-15,100,-0.08049694323838263,0.08049694323838441,0.16099388647676705,0.08049694323838263,10,10,10,-3.38,3,0.03,0.0,0.08219439999993483,2,2269236065,fixed_count,0.03,round,left_impurity_boundary,1.0,-2.05,1.5
0.9999999999999993,1,1,6.661338147750939e-16,100,-0.10374532163684247,0.10374532163684647,0.20749064327368894,0.10374532163684247,10,10,10,-3.38,3,0.03,0.0,0.1140795999999682,3,4167746231,fixed_count,0.03,round,left_impurity_boundary,1.0,-2.05,1.5
0.9999999999999994,1,1,5.551115123125783e-16,100,-0.08049694323838352,0.08049694323838663,0.16099388647677015,0.08049694323838352,10,10,10,-3.38,3,0.03,0.0,0.07400370000050316,4,3429967473,fixed_count,0.03,round,left_impurity_boundary,1.0,-2.05,1.5
6.962985162023428e-16,0,0,6.962985162023428e-16,100,-0.07234706736312724,0.07234706736313123,0.14469413472625847,0.07234706736312724,10,10,10,-3.38,3,0.03,0.0,0.052864400000544265,5,1983171385,fixed_count,0.03,round,left_impurity_boundary,1.0,-2.05,1.5
0.9999999999999983,1,1,1.6653345369377348e-15,100,-0.05459622346999276,0.05459622346999223,0.10919244693998499,0.05459622346999223,10,10,10,-3.36,3,0.03,0.0,0.07997129999967001,0,3062346122,fixed_count,0.03,round,left_impurity_boundary,1.0,-2.05,1.5
1.0000000000000007,1,1,6.661338147750939e-16,100,-0.05227268318890219,0.052272683188903143,0.10454536637780534,0.05227268318890219,10,10,10,-3.36,3,0.03,0.0,0.11958419999973557,1,381994215,fixed_count,0.03,round,left_impurity_boundary,1.0,-2.05,1.5
3.699603535730132e-16,0,0,3.699603535730132e-16,100,-0.1654590451084612,0.165459045108463,0.3309180902169242,0.1654590451084612,10,10,10,-3.36,3,0.03,0.0,0.06041800000002695,2,803481868,fixed_count,0.03,round,left_impurity_boundary,1.0,-2.05,1.5
1.71341339871203e-15,0,0,1.71341339871203e-15,100,-0.09122362014123908,0.09122362014123775,0.18244724028247683,0.09122362014123775,10,10,10,-3.36,3,0.03,0.0,0.11770609999985027,3,2813664213,fixed_count,0.03,round,left_impurity_boundary,1.0,-2.05,1.5
1.0000000000000022,1,1,2.220446049250313e-15,100,-0.07842895656471782,0.07842895656471871,0.15685791312943653,0.07842895656471782,10,10,10,-3.36,3,0.03,0.0,0.08432900000025256,4,1805573723,fixed_count,0.03,round,left_impurity_boundary,1.0,-2.05,1.5
6.39976193718093e-16,0,0,6.39976193718093e-16,100,-0.1654590451084612,0.1654590451084621,0.3309180902169233,0.1654590451084612,10,10,10,-3.36,3,0.03,0.0,0.1597657000002073,5,2395537368,fixed_count,0.03,round,left_impurity_boundary,1.0,-2.05,1.5
5.300924469105861e-17,0,0,5.300924469105861e-17,144,-0.035360614852574024,0.03536061485257491,0.07072122970514894,0.035360614852574024,12,12,12,-3.52,4,0.027777777777777776,0.0,0.3200151000000915,0,3190370436,fixed_count,0.03,round,left_impurity_boundary,1.0,-2.05,1.5
-7.774689221355263e-16,0,0,7.774689221355263e-16,144,-0.024763762289302882,0.02476376228930466,0.04952752457860754,0.024763762289302882,12,12,12,-3.52,4,0.027777777777777776,0.0,0.3081033999997089,1,2338813276,fixed_count,0.03,round,left_impurity_boundary,1.0,-2.05,1.5
2.3059021440610495e-15,0,0,2.3059021440610495e-15,144,-0.026302432742229875,0.026302432742230764,0.05260486548446064,0.026302432742229875,12,12,12,-3.52,4,0.027777777777777776,0.0,0.24263760000030743,2,2313663623,fixed_count,0.03,round,left_impurity_boundary,1.0,-2.05,1.5
-2.2617277734851675e-15,0,0,2.2617277734851675e-15,144,-0.023583730954429782,0.023583730954432447,0.04716746190886223,0.023583730954429782,12,12,12,-3.52,4,0.027777777777777776,0.0,0.29192090000015014,3,334417501,fixed_count,0.03,round,left_impurity_boundary,1.0,-2.05,1.5
-1.8553235641870513e-15,0,0,1.8553235641870513e-15,144,-0.017707446740861776,0.017707446740862665,0.03541489348172444,0.017707446740861776,12,12,12,-3.52,4,0.027777777777777776,0.0,0.12831139999980223,4,3886456266,fixed_count,0.03,round,left_impurity_boundary,1.0,-2.05,1.5
-3.533949646070574e-17,0,0,3.533949646070574e-17,144,-0.024527687893181493,0.02452768789318238,0.049055375786363875,0.024527687893181493,12,12,12,-3.52,4,0.027777777777777776,0.0,0.3355959000000439,5,1329804068,fixed_count,0.03,round,left_impurity_boundary,1.0,-2.05,1.5
-7.156248033292913e-16,0,0,7.156248033292913e-16,144,-0.05534945181818074,0.055349451818182516,0.11069890363636326,0.05534945181818074,12,12,12,-3.5,4,0.027777777777777776,0.0,0.27654210000036983,0,179547248,fixed_count,0.03,round,left_impurity_boundary,1.0,-2.05,1.5
-7.774689221355263e-16,0,0,7.774689221355263e-16,144,-0.014986465488357581,0.014986465488359357,0.02997293097671694,0.014986465488357581,12,12,12,-3.5,4,0.027777777777777776,0.0,0.24085740000009537,1,3457646695,fixed_count,0.03,round,left_impurity_boundary,1.0,-2.05,1.5
3.3572521637670453e-16,0,0,3.3572521637670453e-16,144,-0.01739754409957861,0.01739754409957861,0.03479508819915722,0.01739754409957861,12,12,12,-3.5,4,0.027777777777777776,0.0,0.19315219999953115,2,1104443082,fixed_count,0.03,round,left_impurity_boundary,1.0,-2.05,1.5
6.537806845230562e-16,0,0,6.537806845230562e-16,144,-0.02669448060644619,0.026694480606447968,0.05338896121289416,0.02669448060644619,12,12,12,-3.5,4,0.027777777777777776,0.0,0.2042234999998982,3,4059979807,fixed_count,0.03,round,left_impurity_boundary,1.0,-2.05,1.5
1.4312496066585826e-15,0,0,1.4312496066585826e-15,144,-0.009609371890393348,0.009609371890395124,0.019218743780788472,0.009609371890393348,12,12,12,-3.5,4,0.027777777777777776,0.0,0.21760059999996884,4,4073056955,fixed_count,0.03,round,left_impurity_boundary,1.0,-2.05,1.5
1.0601848938211722e-16,0,0,1.0601848938211722e-16,144,-0.02558818231273996,0.025588182312743513,0.05117636462548347,0.02558818231273996,12,12,12,-3.5,4,0.027777777777777776,0.0,0.2252818999995725,5,2521386608,fixed_count,0.03,round,left_impurity_boundary,1.0,-2.05,1.5
1.2103777537791717e-15,0,0,1.2103777537791717e-15,144,-0.007678204659413268,0.007678204659413268,0.015356409318826536,0.007678204659413268,12,12,12,-3.48,4,0.027777777777777776,0.0,0.20594859999982873,0,2119994657,fixed_count,0.03,round,left_impurity_boundary,1.0,-2.05,1.5
-1.766974823035287e-15,0,0,1.766974823035287e-15,144,-0.010692933487650436,0.0106929334876531,0.021385866975303536,0.010692933487650436,12,12,12,-3.48,4,0.027777777777777776,0.0,0.2712163000005603,1,2552503223,fixed_count,0.03,round,left_impurity_boundary,1.0,-2.05,1.5
-9.54166404439055e-16,0,0,9.54166404439055e-16,144,-0.006943846156991285,0.006943846156993061,0.013887692313984346,0.006943846156991285,12,12,12,-3.48,4,0.027777777777777776,0.0,0.26031030000012834,2,1873309702,fixed_count,0.03,round,left_impurity_boundary,1.0,-2.05,1.5
-3.8873446106776316e-16,0,0,3.8873446106776316e-16,144,-0.009804326118965534,0.009804326118964646,0.01960865223793018,0.009804326118964646,12,12,12,-3.48,4,0.027777777777777776,0.0,0.31580219999978,3,3722656056,fixed_count,0.03,round,left_impurity_boundary,1.0,-2.05,1.5
1.457754229004112e-15,0,0,1.457754229004112e-15,144,-0.014097602606796933,0.014097602606800486,0.02819520521359742,0.014097602606796933,12,12,12,-3.48,4,0.027777777777777776,0.0,0.2147133999997095,4,4138144329,fixed_count,0.03,round,left_impurity_boundary,1.0,-2.05,1.5
-6.007714398319976e-16,0,0,6.007714398319976e-16,144,-0.016638524824764467,0.016638524824766243,0.03327704964953071,0.016638524824764467,12,12,12,-3.48,4,0.027777777777777776,0.0,0.09719319999931031,5,1644201879,fixed_count,0.03,round,left_impurity_boundary,1.0,-2.05,1.5
1.0000000000000018,1,1,1.7763568394002505e-15,144,-0.003704423705815252,0.00370442370581614,0.007408847411631392,0.003704423705815252,12,12,12,-3.46,4,0.027777777777777776,0.0,0.22446109999964392,0,3936529889,fixed_count,0.03,round,left_impurity_boundary,1.0,-2.05,1.5
9.895059008997609e-16,0,0,9.895059008997609e-16,144,-0.0019458345060236666,0.0019458345060228534,0.00389166901204652,0.0019458345060228534,12,12,12,-3.46,4,0.027777777777777776,0.0,0.2930355000007694,1,764762912,fixed_count,0.03,round,left_impurity_boundary,1.0,-2.05,1.5
-4.594134539891746e-16,0,0,4.594134539891746e-16,144,-0.0032425011008188065,0.003242501100821471,0.0064850022016402775,0.0032425011008188065,12,12,12,-3.46,4,0.027777777777777776,0.0,0.2839239999993879,2,2823235663,fixed_count,0.03,round,left_impurity_boundary,1.0,-2.05,1.5
-1.501928599579994e-15,0,0,1.501928599579994e-15,144,-0.005499399591478493,0.005499399591479381,0.010998799182957875,0.005499399591478493,12,12,12,-3.46,4,0.027777777777777776,0.0,0.16994119999981194,3,1782045923,fixed_count,0.03,round,left_impurity_boundary,1.0,-2.05,1.5
-1.6962958301138756e-15,0,0,1.6962958301138756e-15,144,-0.000731439250514976,0.0007314392505214438,0.0014628785010364197,0.000731439250514976,12,12,12,-3.46,4,0.027777777777777776,0.0,0.160527799999727,4,3077864635,fixed_count,0.03,round,left_impurity_boundary,1.0,-2.05,1.5
5.300924469105861e-17,0,0,5.300924469105861e-17,144,-0.01114892970015724,0.011148929700159016,0.022297859400316256,0.01114892970015724,12,12,12,-3.46,4,0.027777777777777776,0.0,0.14496520000011515,5,200486007,fixed_count,0.03,round,left_impurity_boundary,1.0,-2.05,1.5
9.011571597479964e-16,0,0,9.011571597479964e-16,144,-0.023852912119926906,0.023852912119926906,0.04770582423985381,0.023852912119926906,12,12,12,-3.44,4,0.027777777777777776,0.0,0.2203946999998152,0,1854118442,fixed_count,0.03,round,left_impurity_boundary,1.0,-2.05,1.5
0.9999999999999994,1,1,5.551115123125783e-16,144,-0.005706325723367378,0.005706325723367378,0.011412651446734756,0.005706325723367378,12,12,12,-3.44,4,0.027777777777777776,0.0,0.19384969999919122,1,3806951418,fixed_count,0.03,round,left_impurity_boundary,1.0,-2.05,1.5
1.000000000000002,1,1,1.9984014443252818e-15,144,-0.0028256575765182035,0.00282565757651998,0.005651315153038183,0.0028256575765182035,12,12,12,-3.44,4,0.027777777777777776,0.0,0.22531979999985197,2,1752507995,fixed_count,0.03,round,left_impurity_boundary,1.0,-2.05,1.5
2.438425255788696e-15,0,0,2.438425255788696e-15,144,-0.0002755314225051745,0.0002755314225076549,0.0005510628450128294,0.0002755314225051745,12,12,12,-3.44,4,0.027777777777777776,0.0,0.1624229999997624,3,2907400736,fixed_count,0.03,round,left_impurity_boundary,1.0,-2.05,1.5
1.0000000000000007,1,1,6.661338147750939e-16,144,-0.0062592932535849855,0.006259293253586762,0.012518586507171747,0.0062592932535849855,12,12,12,-3.44,4,0.027777777777777776,0.0,0.21642770000016753,4,2178173242,fixed_count,0.03,round,left_impurity_boundary,1.0,-2.05,1.5
1.0000000000000007,1,1,6.661338147750939e-16,144,-0.0025244137522602017,0.0025244137522628662,0.005048827504523068,0.0025244137522602017,12,12,12,-3.44,4,0.027777777777777776,0.0,0.20995159999984025,5,3727501106,fixed_count,0.03,round,left_impurity_boundary,1.0,-2.05,1.5
1.9436723053388156e-15,0,0,1.9436723053388156e-15,144,-0.014625578853335597,0.014625578853336485,0.029251157706672082,0.014625578853335597,12,12,12,-3.42,4,0.027777777777777776,0.0,0.16477200000008452,0,566375346,fixed_count,0.03,round,left_impurity_boundary,1.0,-2.05,1.5
1.0000000000000007,1,1,6.661338147750939e-16,144,-0.013674634362234706,0.013674634362238258,0.027349268724472964,0.013674634362234706,12,12,12,-3.42,4,0.027777777777777776,0.0,0.17461160000038944,1,2708560895,fixed_count,0.03,round,left_impurity_boundary,1.0,-2.05,1.5
1.0000000000000002,1,1,2.220446049250313e-16,144,-0.00543572688756111,0.0054357268875646625,0.010871453775125772,0.00543572688756111,12,12,12,-3.42,4,0.027777777777777776,0.0,0.1722220000001471,2,98167196,fixed_count,0.03,round,left_impurity_boundary,1.0,-2.05,1.5
1.000000000000001,1,1,1.1102230246251565e-15,144,-0.009372633419627796,0.00937263341963046,0.018745266839258257,0.009372633419627796,12,12,12,-3.42,4,0.027777777777777776,0.0,0.19758009999986825,3,4282228306,fixed_count,0.03,round,left_impurity_boundary,1.0,-2.05,1.5
8.834874115176435e-16,0,0,8.834874115176435e-16,144,-0.009707974098248862,0.009707974098250638,0.0194159481964995,0.009707974098248862,12,12,12,-3.42,4,0.027777777777777776,0.0,0.199987200000578,4,3523248736,fixed_count,0.03,round,left_impurity_boundary,1.0,-2.05,1.5
8.039735444810556e-16,0,0,8.039735444810556e-16,144,-0.022478694124500542,0.022478694124500542,0.044957388249001085,0.022478694124500542,12,12,12,-3.42,4,0.027777777777777776,0.0,0.17227550000006886,5,2373102961,fixed_count,0.03,round,left_impurity_boundary,1.0,-2.05,1.5
1.0000000000000013,1,1,1.3322676295501878e-15,144,-0.015461551537449658,0.015461551537447882,0.03092310307489754,0.015461551537447882,12,12,12,-3.4,4,0.027777777777777776,0.0,0.1966917999998259,0,2375629671,fixed_count,0.03,round,left_impurity_boundary,1.0,-2.05,1.5
1.0000000000000009,1,1,8.881784197001252e-16,144,-0.02494679669785249,0.02494679669785249,0.04989359339570498,0.02494679669785249,12,12,12,-3.4,4,0.027777777777777776,0.0,0.1524580999994214,1,2301165348,fixed_count,0.03,round,left_impurity_boundary,1.0,-2.05,1.5
1.0000000000000013,1,1,1.3322676295501878e-15,144,-0.024174185217174404,0.02417418521717174,0.048348370434346144,0.02417418521717174,12,12,12,-3.4,4,0.027777777777777776,0.0,0.1454849000001559,2,3540243634,fixed_count,0.03,round,left_impurity_boundary,1.0,-2.05,1.5
1.0000000000000013,1,1,1.3322676295501878e-15,144,-0.016895916861261462,0.016895916861261462,0.033791833722522924,0.016895916861261462,12,12,12,-3.4,4,0.027777777777777776,0.0,0.1704103000001851,3,2009078196,fixed_count,0.03,round,left_impurity_boundary,1.0,-2.05,1.5
1.0000000000000002,1,1,2.220446049250313e-16,144,-0.01560112188061158,0.01560112188061158,0.03120224376122316,0.01560112188061158,12,12,12,-3.4,4,0.027777777777777776,0.0,0.18083329999990383,4,2584225579,fixed_count,0.03,round,left_impurity_boundary,1.0,-2.05,1.5
0.999999999999999,1,1,9.992007221626409e-16,144,-0.0183281096332788,0.0183281096332788,0.0366562192665576,0.0183281096332788,12,12,12,-3.4,4,0.027777777777777776,0.0,0.1786432999997487,5,2322200205,fixed_count,0.03,round,left_impurity_boundary,1.0,-2.05,1.5
-1.766974823035287e-17,0,0,1.766974823035287e-17,144,-0.02966642578193479,0.029666425781937455,0.059332851563872246,0.02966642578193479,12,12,12,-3.38,4,0.027777777777777776,0.0,0.20842429999993328,0,2524520007,fixed_count,0.03,round,left_impurity_boundary,1.0,-2.05,1.5
1.0000000000000007,1,1,6.661338147750939e-16,144,-0.02451708359432292,0.02451708359432292,0.04903416718864584,0.02451708359432292,12,12,12,-3.38,4,0.027777777777777776,0.0,0.1746819999998479,1,1607931058,fixed_count,0.03,round,left_impurity_boundary,1.0,-2.05,1.5
1.0000000000000013,1,1,1.3322676295501878e-15,144,-0.03288037125766685,0.03288037125766774,0.06576074251533459,0.03288037125766685,12,12,12,-3.38,4,0.027777777777777776,0.0,0.15215029999944818,2,2546789925,fixed_count,0.03,round,left_impurity_boundary,1.0,-2.05,1.5
0.9999999999999997,1,1,3.3306690738754696e-16,144,-0.02591982926084402,0.025919829260846683,0.0518396585216907,0.02591982926084402,12,12,12,-3.38,4,0.027777777777777776,0.0,0.17109720000007655,3,1656201667,fixed_count,0.03,round,left_impurity_boundary,1.0,-2.05,1.5
0.9999999999999999,1,1,1.1102230246251565e-16,144,-0.010630056237357799,0.010630056237358687,0.021260112474716486,0.010630056237357799,12,12,12,-3.38,4,0.027777777777777776,0.0,0.17569739999999,4,629600861,fixed_count,0.03,round,left_impurity_boundary,1.0,-2.05,1.5
0.9999999999999986,1,1,1.4432899320127035e-15,144,-0.024018809881741987,0.024018809881742875,0.04803761976348486,0.024018809881741987,12,12,12,-3.38,4,0.027777777777777776,0.0,0.17444269999941753,5,3360849030,fixed_count,0.03,round,left_impurity_boundary,1.0,-2.05,1.5
1.0000000000000009,1,1,8.881784197001252e-16,144,-0.030124161798424254,0.030124161798428695,0.06024832359685295,0.030124161798424254,12,12,12,-3.36,4,0.027777777777777776,0.0,0.153443199999856,0,568977453,fixed_count,0.03,round,left_impurity_boundary,1.0,-2.05,1.5
-8.128084185962321e-16,0,0,8.128084185962321e-16,144,-0.007554097193316345,0.007554097193317233,0.015108194386633578,0.007554097193316345,12,12,12,-3.36,4,0.027777777777777776,0.0,0.1632742000001599,1,1751990539,fixed_count,0.03,round,left_impurity_boundary,1.0,-2.05,1.5
1.0000000000000002,1,1,2.220446049250313e-16,144,-0.02984982791624269,0.029849827916240024,0.05969965583248271,0.029849827916240024,12,12,12,-3.36,4,0.027777777777777776,0.0,0.1868436999993719,2,3590140044,fixed_count,0.03,round,left_impurity_boundary,1.0,-2.05,1.5
0.9999999999999994,1,1,5.551115123125783e-16,144,-0.01862841581955177,0.018628415819553545,0.037256831639105314,0.01862841581955177,12,12,12,-3.36,4,0.027777777777777776,0.0,0.2861010999995415,3,2739360233,fixed_count,0.03,round,left_impurity_boundary,1.0,-2.05,1.5
0.9999999999999997,1,1,3.3306690738754696e-16,144,-0.03630900745646937,0.03630900745646892,0.07261801491293829,0.03630900745646892,12,12,12,-3.36,4,0.027777777777777776,0.0,0.2824852000003375,4,974043629,fixed_count,0.03,round,left_impurity_boundary,1.0,-2.05,1.5
0.9999999999999999,1,1,1.1102230246251565e-16,144,-0.031717052211908126,0.03171705221191168,0.0634341044238198,0.031717052211908126,12,12,12,-3.36,4,0.027777777777777776,0.0,0.19305859999985842,5,1702055937,fixed_count,0.03,round,left_impurity_boundary,1.0,-2.05,1.5
