replicate,hc,nu,c0,c1
0,-3.456218194524354,0.27917992161700084,-1.5636878082457975,0.006522361899656737
1,-3.4451252123891787,0.42061893189275235,-1.084726145193039,0.11067095886205941
2,-3.4442931665186567,0.32749319055530585,-1.2681194026148683,0.03302194629776958
3,-3.484028686187565,0.9542216523163684,-4.2138023932366275,4.609877619841484
4,-3.464159530442026,0.43374985845657316,-1.4909719077817338,0.15038697653848312
5,-3.431706853887605,0.7049387490058933,-1.1536678689178141,1.4474587663772964
6,-3.52,0.8494085432029264,-3.992637350778451,2.0967216604483303
7,-3.4888071855616363,0.737760214613222,-2.741588761466126,1.2875567309686573
8,-3.4460241446257727,0.27158118975933015,-1.491159863240044,0.008759010954050043
9,-3.4292438880126874,0.2726696299781774,-1.2462730321225666,0.009579245321030433
10,-3.52,1.3302514303650133,-3.7260845743565416,5.457583806379025
11,-3.450502076954676,0.25576157687202244,-1.361860292158905,0.003742344684443645
12,-3.465036903670612,0.471194958053305,-2.0247897504816526,0.26636342756580966
13,-3.450815058732794,0.3703433102266667,-1.4902719430596114,0.06729950509826617
14,-3.440885303834069,0.6487241341532379,-1.4197279659114062,0.8675861224037803
15,-3.470308711055208,0.5192705872643908,-1.7853597058410102,0.27672665281153946
16,-3.4246191511048427,0.6892645224644235,-0.9993032197476923,1.2488857343049355
17,-3.410506779481575,0.3733270415965725,-0.5015459794721524,0.08554795658745926
18,-3.3923764460756587,0.4488214798310411,0.5108600121623066,0.19420884168224745
19,-3.4170034364983426,0.35909368735845687,-0.9206051447139767,0.049771018114516376
