L,h,k,n,p_obs,p_fit,residual,pearson_residual
8.0,-3.52,0,6,0.0,0.042961681290395584,-0.042961681290395584,-0.51898116463225
8.0,-3.5,0,6,0.0,0.06456692873160803,-0.06456692873160803,-0.6435381972993035
8.0,-3.48,0,6,0.0,0.09594807196649469,-0.09594807196649469,-0.7979892905683729
8.0,-3.46,1,6,0.16666666666666666,0.14029377839498092,0.02637288827168574,0.18601119350739484
8.0,-3.44,4,6,0.6666666666666666,0.2005878241573568,0.46607884250930987,2.8510008765582753
8.0,-3.42,3,6,0.5,0.27840303864978144,0.22159696135021856,1.2110305322173816
8.0,-3.4,3,6,0.5,0.37234511220623095,0.12765488779376905,0.6468145596315306
8.0,-3.38,2,6,0.3333333333333333,0.47703074260964734,-0.14369740927631403,-0.704714649172054
8.0,-3.36,4,6,0.6666666666666666,0.5837740739105366,0.08289259275613003,0.4119119421549193
10.0,-3.52,0,6,0.0,0.023471503506812704,-0.023471503506812704,-0.3797551040028651
10.0,-3.5,0,6,0.0,0.04359880872110678,-0.04359880872110678,-0.5229893949655933
10.0,-3.48,0,6,0.0,0.07957918241876225,-0.07957918241876225,-0.7202481398233258
10.0,-3.46,0,6,0.0,0.140878899838603,-0.140878899838603,-0.991908034680301
10.0,-3.44,0,6,0.0,0.2372275361286769,-0.2372275361286769,-1.366031364558164
10.0,-3.42,2,6,0.3333333333333333,0.371013623100252,-0.03768028976691867,-0.19106199632725626
10.0,-3.4,2,6,0.3333333333333333,0.5280202101518722,-0.19468687681853886,-0.9552682188452668
10.0,-3.38,4,6,0.6666666666666666,0.6796725975640314,-0.013005930897364792,-0.06827632562838357
10.0,-3.36,3,6,0.5,0.8009650398676854,-0.3009650398676854,-1.8463762817359033
12.0,-3.52,0,6,0.0,0.011442947441574435,-0.011442947441574435,-0.26353828014076175
12.0,-3.5,0,6,0.0,0.027295368187220857,-0.027295368187220857,-0.41032654335971014
12.0,-3.48,0,6,0.0,0.06369387152922187,-0.06369387152922187,-0.6388744439540205
12.0,-3.46,1,6,0.16666666666666666,0.14156587113277702,0.025100795533889636,0.17637228463178187
12.0,-3.44,4,6,0.6666666666666666,0.2856031202073036,0.381063546459363,2.0664351557751734
12.0,-3.42,3,6,0.5,0.4921690921742927,0.007830907825707278,0.038368162790805786
12.0,-3.4,6,6,1.0,0.7014439106422133,0.29855608935778666,1.5980564533355348
12.0,-3.38,5,6,0.8333333333333334,0.8506479947126624,-0.01731466137932902,-0.11898964187013493
12.0,-3.36,5,6,0.8333333333333334,0.9324660146789338,-0.09913268134560038,-0.9676421610697089
