L,h,realization,seed,E_state,abs_E_state,IPR,PR,impurity_weight,n_impurities,p_eff
8,-3.460461572088891,0,2629690545,0.015823607420522023,0.015823607420522023,0.0834071724092984,11.989376586137789,0.3613574253117563,2,0.03125
8,-3.460461572088891,1,3922253286,0.00021760753077914625,0.00021760753077914625,0.0868167160038622,11.518519082840143,0.3724680442178385,2,0.03125
8,-3.460461572088891,2,3986458869,0.003329891995480061,0.003329891995480061,0.08472599516865527,11.802753074890457,0.36857116957313896,2,0.03125
8,-3.460461572088891,3,3120178923,0.004813798650899592,0.004813798650899592,0.09164443623063101,10.911737156453395,0.38263951800884993,2,0.03125
8,-3.460461572088891,4,3662555677,0.004813798650893375,0.004813798650893375,0.09164443623063118,10.911737156453373,0.3826395180088504,2,0.03125
8,-3.460461572088891,5,870778310,0.05258119177292553,0.05258119177292553,0.07005373746955543,14.274755867730667,0.3190030821774287,2,0.03125
10,-3.460461572088891,0,1221684534,0.06837344406976742,0.06837344406976742,0.05496536969682926,18.1932734286273,0.3605606425185075,3,0.03
10,-3.460461572088891,1,3863636756,0.08146711395897999,0.08146711395897999,0.05710567882541138,17.511393272414992,0.36631924630447954,3,0.03
10,-3.460461572088891,2,3725643945,0.0814671139589831,0.0814671139589831,0.05710567882541143,17.511393272414974,0.36631924630448054,3,0.03
10,-3.460461572088891,3,2029516374,0.0850770586208558,0.0850770586208558,0.0578796957441119,17.277215906956975,0.34093650573499923,3,0.03
10,-3.460461572088891,4,2936904718,0.06432834787579633,0.06432834787579633,0.047960574984840146,20.850458951255067,0.3253350498384806,3,0.03
10,-3.460461572088891,5,3973061665,0.11795281358636789,0.11795281358636789,0.06105853591997329,16.377726470720745,0.37909503778629083,3,0.03
12,-3.460461572088891,0,3738359286,0.0012160492142784488,0.0012160492142784488,0.04394983667305065,22.753213110645856,0.3715696573331398,4,0.027777777777777776
12,-3.460461572088891,1,3267571948,0.006001627186414282,0.006001627186414282,0.04755399001619883,21.02872965358657,0.3548645414400471,4,0.027777777777777776
12,-3.460461572088891,2,2044491162,0.0007208619622671155,0.0007208619622671155,0.07033194089426412,14.218290968301067,0.3573463261951809,4,0.027777777777777776
12,-3.460461572088891,3,20803899,0.0024595965748623883,0.0024595965748623883,0.04681738285186495,21.359587808744106,0.3714186148144705,4,0.027777777777777776
12,-3.460461572088891,4,1055869839,0.003691852819331487,0.003691852819331487,0.05271779993845774,18.968925129034037,0.367860164944512,4,0.027777777777777776
12,-3.460461572088891,5,3061919473,0.005125934551809763,0.005125934551809763,0.0695729259372525,14.37340727773754,0.35928112836276405,4,0.027777777777777776
