L,realization,E,rho
8,0,0.02,0.2823169565748211
8,0,0.021704279250320337,0.2758369650390971
8,0,0.02355378688879428,0.2683884336130978
8,0,0.025560898401846242,0.2598638147645759
8,0,0.02773904384013688,0.25015773437258837
8,0,0.03010279768216045,0.23917348784039044
8,0,0.03266797635547529,0.22683189480266747
8,0,0.03545174406810488,0.21308282044896443
8,0,0.038472727658251785,0.1979194452478576
8,0,0.04175114123081095,0.18139493501798
8,0,0.045308921414654195,0.16364045935861876
8,0,0.049169874145723685,0.14488248175833127
8,0,0.05335983395809462,0.1254559284315473
8,0,0.05790683684886057,0.1058084225545384
8,0,0.06284130787352046,0.08648969449524027
8,0,0.06819626472711207,0.06812033274378008
8,0,0.07400753867330055,0.051336291776529354
8,0,0.08031401429970984,0.036711014168303795
8,0,0.08715788970375611,0.02466576598525554
8,0,0.0945849588499471,0.015388898956989557
8,0,0.10264491798796548,0.008791458751545514
8,0,0.11139169818185155,0.004523180836650533
8,0,0.12088382617531526,0.0020549724792346133
8,0,0.13118481600781126,0.0008054145036466867
8,0,0.1423635940017714,0.0002649120401977233
8,0,0.15449495996468374,7.077661213151905e-05
8,0,0.16766008769202778,1.4779707901130127e-05
8,0,0.18194706812004827,2.3087521164478e-06
8,0,0.19745149876272916,3.0232834368656907e-07
8,0,0.21427712337702767,6.189489715282762e-07
8,0,0.2325365261365176,7.191534283923587e-06
8,0,0.25235188495831945,7.825129396084198e-05
8,0,0.2738557890240038,0.0007268678670923568
8,0,0.29719212596468947,0.0053405774159234806
8,0,0.32251704464669967,0.02836289360898207
8,0,0.35,0.09877364675243137
8,1,0.02,0.30253886170717315
8,1,0.021704279250320337,0.29388847359884734
8,1,0.02355378688879428,0.28401762942516273
8,1,0.025560898401846242,0.27281712071471537
8,1,0.02773904384013688,0.260191471805378
8,1,0.03010279768216045,0.24606956582605416
8,1,0.03266797635547529,0.2304180088780964
8,1,0.03545174406810488,0.21325706034628839
8,1,0.038472727658251785,0.19467838965082873
8,1,0.04175114123081095,0.17486307837923157
8,1,0.045308921414654195,0.15409717727213323
8,1,0.049169874145723685,0.13278086442504217
8,1,0.05335983395809462,0.11142613086150531
8,1,0.05790683684886057,0.09063748423300481
8,1,0.06284130787352046,0.07107119128312157
8,1,0.06819626472711207,0.0533719193535379
8,1,0.07400753867330055,0.03809174856091255
8,1,0.08031401429970984,0.025604760726023267
8,1,0.08715788970375611,0.016038262317426288
8,1,0.0945849588499471,0.009244723574727973
8,1,0.10264491798796548,0.004831878371643684
8,1,0.11139169818185155,0.0022504487153828657
8,1,0.12088382617531526,0.000915074795625915
8,1,0.13118481600781126,0.00031710336115701294
8,1,0.1423635940017714,9.102539780762761e-05
8,1,0.15449495996468374,2.0932029180249395e-05
8,1,0.16766008769202778,3.7078513773437414e-06
8,1,0.18194706812004827,4.919322111945342e-07
8,1,0.19745149876272916,1.5284030597169643e-07
8,1,0.21427712337702767,1.2747731171593282e-06
8,1,0.2325365261365176,1.408748850022215e-05
8,1,0.25235188495831945,0.00014085050867426895
8,1,0.2738557890240038,0.0011949836588617084
8,1,0.29719212596468947,0.007981943885807396
8,1,0.32251704464669967,0.03850228224230363
8,1,0.35,0.12271542071355485
8,2,0.02,0.301621839982583
8,2,0.021704279250320337,0.29307420944368506
8,2,0.02355378688879428,0.28331783205202776
8,2,0.025560898401846242,0.2722434833059243
8,2,0.02773904384013688,0.2597551004282417
8,2,0.03010279768216045,0.24578021258786312
8,2,0.03266797635547529,0.23028309515548062
8,2,0.03545174406810488,0.21328050096809473
8,2,0.038472727658251785,0.19485927053981902
8,2,0.04175114123081095,0.17519430114604445
8,2,0.045308921414654195,0.15456426318636832
8,2,0.049169874145723685,0.1333611972526666
8,2,0.05335983395809462,0.11208899010911652
8,2,0.05790683684886057,0.09134523747463269
8,2,0.06284130787352046,0.0717819225978103
8,2,0.06819626472711207,0.054043518493595503
8,2,0.07400753867330055,0.03868705682934532
8,2,0.08031401429970984,0.026096835392804676
8,2,0.08715788970375611,0.01641437833611073
8,2,0.0945849588499471,0.00950767953102318
8,2,0.10264491798796548,0.004997776830771727
8,2,0.11139169818185155,0.002343359526410489
8,2,0.12088382617531526,0.0009603636342541467
8,2,0.13118481600781126,0.00033587095032739506
8,2,0.1423635940017714,9.745523430973013e-05
8,2,0.15449495996468374,2.2694076822902183e-05
8,2,0.16766008769202778,4.079247611959494e-06
8,2,0.18194706812004827,5.487799072343676e-07
8,2,0.19745149876272916,1.5161956918244807e-07
8,2,0.21427712337702767,1.195875195858602e-06
8,2,0.2325365261365176,1.3292949591523433e-05
8,2,0.25235188495831945,0.00013376068004560405
8,2,0.2738557890240038,0.0011415873859157715
8,2,0.29719212596468947,0.007657174907755239
8,2,0.32251704464669967,0.036922196856363616
8,2,0.35,0.11658135375654448
8,3,0.02,0.3006208251305558
8,3,0.021704279250320337,0.2921848930312674
8,3,0.02355378688879428,0.2825529653405679
8,3,0.025560898401846242,0.271615810196164
8,3,0.02773904384013688,0.2592767391900895
8,3,0.03010279768216045,0.2454618248007412
8,3,0.03266797635547529,0.23013282604792606
8,3,0.03545174406810488,0.21330270232262563
8,3,0.038472727658251785,0.19505306228952293
8,3,0.04175114123081095,0.17555209381544185
8,3,0.045308921414654195,0.15507044900276096
8,3,0.049169874145723685,0.1339913126159666
8,3,0.05335983395809462,0.11280973127090453
8,3,0.05790683684886057,0.09211573162675402
8,3,0.06284130787352046,0.07255655961253635
8,3,0.06819626472711207,0.05477637733580228
8,3,0.07400753867330055,0.03933749706371439
8,3,0.08031401429970984,0.026635242949258817
8,3,0.08715788970375611,0.01682656719474418
8,3,0.0945849588499471,0.009796383042103585
8,3,0.10264491798796548,0.005180304527588403
8,3,0.11139169818185155,0.002445834473693567
8,3,0.12088382617531526,0.0010104573927490984
8,3,0.13118481600781126,0.00035669908527018917
8,3,0.1423635940017714,0.00010461897625774
8,3,0.15449495996468374,2.46666979988499e-05
8,3,0.16766008769202778,4.501771452664056e-06
8,3,0.18194706812004827,6.591058319319554e-07
8,3,0.19745149876272916,6.092217394623686e-07
8,3,0.21427712337702767,5.54433280353708e-06
8,3,0.2325365261365176,5.21126334290657e-05
8,3,0.25235188495831945,0.00043632654386890804
8,3,0.2738557890240038,0.003052244200259886
8,3,0.29719212596468947,0.01652884280578381
8,3,0.32251704464669967,0.06354425325632906
8,3,0.35,0.1597228415007139
8,4,0.02,0.30062082513053834
8,4,0.021704279250320337,0.2921848930312486
8,4,0.02355378688879428,0.28255296534054797
8,4,0.025560898401846242,0.2716158101961429
8,4,0.02773904384013688,0.25927673919006733
8,4,0.03010279768216045,0.2454618248007181
8,4,0.03266797635547529,0.23013282604790225
8,4,0.03545174406810488,0.2133027023226014
8,4,0.038472727658251785,0.19505306228949854
8,4,0.04175114123081095,0.17555209381541775
8,4,0.045308921414654195,0.15507044900273761
8,4,0.049169874145723685,0.13399131261594444
8,4,0.05335983395809462,0.11280973127088398
8,4,0.05790683684886057,0.0921157316267356
8,4,0.06284130787352046,0.07255655961252037
8,4,0.06819626472711207,0.05477637733578904
8,4,0.07400753867330055,0.03933749706370391
8,4,0.08031401429970984,0.026635242949251015
8,4,0.08715788970375611,0.016826567194738747
8,4,0.0945849588499471,0.009796383042100102
8,4,0.10264491798796548,0.005180304527586376
8,4,0.11139169818185155,0.002445834473692512
8,4,0.12088382617531526,0.0010104573927486181
8,4,0.13118481600781126,0.00035669908527000203
8,4,0.1423635940017714,0.00010461897625767945
8,4,0.15449495996468374,2.4666697998834144e-05
8,4,0.16766008769202778,4.501771452660882e-06
8,4,0.18194706812004827,6.591058319314805e-07
8,4,0.19745149876272916,6.092217394622835e-07
8,4,0.21427712337702767,5.5443328035367615e-06
8,4,0.2325365261365176,5.211263342906294e-05
8,4,0.25235188495831945,0.0004363265438688888
8,4,0.2738557890240038,0.0030522442002597757
8,4,0.29719212596468947,0.016528842805783366
8,4,0.32251704464669967,0.06354425325632802
8,4,0.35,0.15972284150071317
8,5,0.02,0.13621713631559335
8,5,0.021704279250320337,0.1394144089461808
8,5,0.02355378688879428,0.14298720878776802
8,5,0.025560898401846242,0.14693547085360192
8,5,0.02773904384013688,0.1512379208186943
8,5,0.03010279768216045,0.15584281633562874
8,5,0.03266797635547529,0.16065642488805695
8,5,0.03545174406810488,0.165529359410027
8,5,0.038472727658251785,0.17024143267486277
8,5,0.04175114123081095,0.17448658921607507
8,5,0.045308921414654195,0.1778608306470571
8,5,0.049169874145723685,0.17985790095273546
8,5,0.05335983395809462,0.17987969060648043
8,5,0.05790683684886057,0.17727031904720378
8,5,0.06284130787352046,0.17138349715940335
8,5,0.06819626472711207,0.16169005804544906
8,5,0.07400753867330055,0.14792380917502848
8,5,0.08031401429970984,0.13024682193950465
8,5,0.08715788970375611,0.10939059642551786
8,5,0.0945849588499471,0.08670480082492629
8,5,0.10264491798796548,0.0640381469230703
8,5,0.11139169818185155,0.04341073812353578
8,5,0.12088382617531526,0.026527671232722264
8,5,0.13118481600781126,0.014303508543646627
8,5,0.1423635940017714,0.006633886314182922
8,5,0.15449495996468374,0.0025676448767063993
8,5,0.16766008769202778,0.0008000933792594276
8,5,0.18194706812004827,0.00019234066295910612
8,5,0.19745149876272916,3.391436376571147e-05
8,5,0.21427712337702767,4.148455415142615e-06
8,5,0.2325365261365176,6.243446737916221e-07
8,5,0.25235188495831945,4.75895634152754e-06
8,5,0.2738557890240038,6.589891283591441e-05
8,5,0.29719212596468947,0.0007473443607696049
8,5,0.32251704464669967,0.006305133313642835
8,5,0.35,0.035329544577495306
10,0,0.02,0.07856756151761357
10,0,0.021704279250320337,0.08307816550962654
10,0,0.02355378688879428,0.08830303689717432
10,0,0.025560898401846242,0.09433335924025196
10,0,0.02773904384013688,0.10126177526641002
10,0,0.03010279768216045,0.10917664783001733
10,0,0.03266797635547529,0.11815302473283679
10,0,0.03545174406810488,0.12823904201472744
10,0,0.038472727658251785,0.13943625392929182
10,0,0.04175114123081095,0.15167228812503739
10,0,0.045308921414654195,0.16476453098241375
10,0,0.049169874145723685,0.1783746568868076
10,0,0.05335983395809462,0.1919563361965125
10,0,0.05790683684886057,0.20470315807889192
10,0,0.06284130787352046,0.21551135526756235
10,0,0.06819626472711207,0.22298220963055207
10,0,0.07400753867330055,0.22549985251024726
10,0,0.08031401429970984,0.22142538307478038
10,0,0.08715788970375611,0.20943619763085936
10,0,0.0945849588499471,0.18899482437033907
10,0,0.10264491798796548,0.1608450269705006
10,0,0.11139169818185155,0.12732204962212268
10,0,0.12088382617531526,0.09219727244498224
10,0,0.13118481600781126,0.05986961245877712
10,0,0.1423635940017714,0.034043309833575265
10,0,0.15449495996468374,0.01647585240287255
10,0,0.16766008769202778,0.006560314481739631
10,0,0.18194706812004827,0.002064020421324543
10,0,0.19745149876272916,0.0004895083990638512
10,0,0.21427712337702767,8.768142246004575e-05
10,0,0.2325365261365176,5.693488395728617e-05
10,0,0.25235188495831945,0.00038029421957564964
10,0,0.2738557890240038,0.002512354763083666
10,0,0.29719212596468947,0.01280568205278693
10,0,0.32251704464669967,0.046096876050961216
10,0,0.35,0.10814869607407526
10,1,0.02,0.0345173541802552
10,1,0.021704279250320337,0.037340233567568167
10,1,0.02355378688879428,0.04067706786917235
10,1,0.025560898401846242,0.044620482378707936
10,1,0.02773904384013688,0.04927802404996216
10,1,0.03010279768216045,0.054773076027266956
10,1,0.03266797635547529,0.061244674315548614
10,1,0.03545174406810488,0.06884529066167226
10,1,0.038472727658251785,0.07773513444780046
10,1,0.04175114123081095,0.08807083581788401
10,1,0.045308921414654195,0.09998552291422994
10,1,0.049169874145723685,0.1135564273625636
10,1,0.05335983395809462,0.1287555946239838
10,1,0.05790683684886057,0.14537978097040744
10,1,0.06284130787352046,0.16295851852063536
10,1,0.06819626472711207,0.18064664957020313
10,1,0.07400753867330055,0.19712176650581745
10,1,0.08031401429970984,0.210529316973996
10,1,0.08715788970375611,0.21854567828337007
10,1,0.0945849588499471,0.21864940437635833
10,1,0.10264491798796548,0.20867491155463397
10,1,0.11139169818185155,0.18763076780729138
10,1,0.12088382617531526,0.1565713965761367
10,1,0.13118481600781126,0.11906832481974433
10,1,0.1423635940017714,0.08072724589940922
10,1,0.15449495996468374,0.04752078525168353
10,1,0.16766008769202778,0.023524968436496874
10,1,0.18194706812004827,0.009424944165056915
10,1,0.19745149876272916,0.002918366372357651
10,1,0.21427712337702767,0.0006644881687574885
10,1,0.2325365261365176,0.0001392555716597567
10,1,0.25235188495831945,0.000316522535049955
10,1,0.2738557890240038,0.0021306245875596166
10,1,0.29719212596468947,0.011534788831380049
10,1,0.32251704464669967,0.04491304024147031
10,1,0.35,0.11619782717352602
10,2,0.02,0.034517354180251654
10,2,0.021704279250320337,0.0373402335675644
10,2,0.02355378688879428,0.04067706786916837
10,2,0.025560898401846242,0.044620482378703724
10,2,0.02773904384013688,0.04927802404995773
10,2,0.03010279768216045,0.05477307602726228
10,2,0.03266797635547529,0.061244674315543694
10,2,0.03545174406810488,0.06884529066166713
10,2,0.038472727658251785,0.07773513444779513
10,2,0.04175114123081095,0.08807083581787858
10,2,0.045308921414654195,0.09998552291422445
10,2,0.049169874145723685,0.11355642736255822
10,2,0.05335983395809462,0.1287555946239787
10,2,0.05790683684886057,0.14537978097040283
10,2,0.06284130787352046,0.16295851852063156
10,2,0.06819626472711207,0.18064664957020043
10,2,0.07400753867330055,0.19712176650581617
10,2,0.08031401429970984,0.21052931697399638
10,2,0.08715788970375611,0.21854567828337224
10,2,0.0945849588499471,0.21864940437636204
10,2,0.10264491798796548,0.208674911554639
10,2,0.11139169818185155,0.18763076780729698
10,2,0.12088382617531526,0.15657139657614202
10,2,0.13118481600781126,0.11906832481974872
10,2,0.1423635940017714,0.08072724589941226
10,2,0.15449495996468374,0.047520785251685245
10,2,0.16766008769202778,0.023524968436497637
10,2,0.18194706812004827,0.009424944165057162
10,2,0.19745149876272916,0.0029183663723577062
10,2,0.21427712337702767,0.0006644881687574929
10,2,0.2325365261365176,0.00013925557165975422
10,2,0.25235188495831945,0.0003165225350499412
10,2,0.2738557890240038,0.002130624587559537
10,2,0.29719212596468947,0.011534788831379683
10,2,0.32251704464669967,0.044913040241469145
10,2,0.35,0.11619782717352362
10,3,0.02,0.02149591123140813
10,3,0.021704279250320337,0.023215408003658834
10,3,0.02355378688879428,0.0252409168696385
10,3,0.025560898401846242,0.02762477102062385
10,3,0.02773904384013688,0.03042653812554614
10,3,0.03010279768216045,0.033712821219058796
10,3,0.03266797635547529,0.03755612262854508
10,3,0.03545174406810488,0.042032140447521446
10,3,0.038472727658251785,0.04721457799106418
10,3,0.04175114123081095,0.05316619603583464
10,3,0.045308921414654195,0.05992448298940373
10,3,0.049169874145723685,0.06748011156310864
10,3,0.05335983395809462,0.07574661282971523
10,3,0.05790683684886057,0.08452101238129195
10,3,0.06284130787352046,0.09343845141735403
10,3,0.06819626472711207,0.1019302187337
10,3,0.07400753867330055,0.10920506025658239
10,3,0.08031401429970984,0.11428744875453921
10,3,0.08715788970375611,0.11615891369062188
10,3,0.0945849588499471,0.11404724983710547
10,3,0.10264491798796548,0.10787175172331293
10,3,0.11139169818185155,0.09875516064718712
10,3,0.12088382617531526,0.08934754634495391
10,3,0.13118481600781126,0.08352709771830712
10,3,0.1423635940017714,0.08501036969501805
10,3,0.15449495996468374,0.0948025006937954
10,3,0.16766008769202778,0.10851662382517892
10,3,0.18194706812004827,0.11614570167662173
10,3,0.19745149876272916,0.10714235090796911
10,3,0.21427712337702767,0.07957179551588443
10,3,0.2325365261365176,0.04452684557258538
10,3,0.25235188495831945,0.017449813806041697
10,3,0.2738557890240038,0.004439492060766534
10,3,0.29719212596468947,0.001163804565352706
10,3,0.32251704464669967,0.004368501883716748
10,3,0.35,0.023666282712673996
10,4,0.02,0.05776530829144797
10,4,0.021704279250320337,0.06032187409138372
10,4,0.02355378688879428,0.06325388800542336
10,4,0.025560898401846242,0.0665989240665025
10,4,0.02773904384013688,0.07039092063336379
10,4,0.03010279768216045,0.07465622821976849
10,4,0.03266797635547529,0.07940815647928674
10,4,0.03545174406810488,0.08463976966802327
10,4,0.038472727658251785,0.09031484207141885
10,4,0.04175114123081095,0.09635725470067395
10,4,0.045308921414654195,0.10263981613460639
10,4,0.049169874145723685,0.10897466453104664
10,4,0.05335983395809462,0.11510914721672627
10,4,0.05790683684886057,0.12073326511224826
10,4,0.06284130787352046,0.1255067835608037
10,4,0.06819626472711207,0.1291143286946821
10,4,0.07400753867330055,0.1313520940594158
10,4,0.08031401429970984,0.1322356126259788
10,4,0.08715788970375611,0.1320903364362825
10,4,0.0945849588499471,0.13154788115923777
10,4,0.10264491798796548,0.13134073957159956
10,4,0.11139169818185155,0.13181625426049728
10,4,0.12088382617531526,0.1322469551316594
10,4,0.13118481600781126,0.1303247979153661
10,4,0.1423635940017714,0.12253093619086809
10,4,0.15449495996468374,0.10591818568986042
10,4,0.16766008769202778,0.08076017904182006
10,4,0.18194706812004827,0.0519352744417667
10,4,0.19745149876272916,0.02681624001439246
10,4,0.21427712337702767,0.010515095654495783
10,4,0.2325365261365176,0.0029350980027955708
10,4,0.25235188495831945,0.0005409900816101054
10,4,0.2738557890240038,7.041007254863355e-05
10,4,0.29719212596468947,0.00015214206234494778
10,4,0.32251704464669967,0.001598307238231767
10,4,0.35,0.01164975672163448
10,5,0.02,0.0024593337459378455
10,5,0.021704279250320337,0.0028060848109578663
10,5,0.02355378688879428,0.0032353444411536273
10,5,0.025560898401846242,0.0037699566165673142
10,5,0.02773904384013688,0.00444001266635553
10,5,0.03010279768216045,0.005285350932122124
10,5,0.03266797635547529,0.006358924973246972
10,5,0.03545174406810488,0.007731305024894522
10,5,0.038472727658251785,0.009496613117111606
10,5,0.04175114123081095,0.011780182081290735
10,5,0.045308921414654195,0.01474810751831104
10,5,0.049169874145723685,0.01861850918500722
10,5,0.05335983395809462,0.0236735270992952
10,5,0.05790683684886057,0.03026952256684244
10,5,0.06284130787352046,0.038840187394722885
10,5,0.06819626472711207,0.04988281065887609
10,5,0.07400753867330055,0.0639116512246877
10,5,0.08031401429970984,0.08135519715714598
10,5,0.08715788970375611,0.10236973887962364
10,5,0.0945849588499471,0.12654868354964188
10,5,0.10264491798796548,0.15254020378664127
10,5,0.11139169818185155,0.17766288226968693
10,5,0.12088382617531526,0.19773543255432752
10,5,0.13118481600781126,0.20747210128627327
10,5,0.1423635940017714,0.20181093488102522
10,5,0.15449495996468374,0.1782160125473597
10,5,0.16766008769202778,0.13915889119740055
10,5,0.18194706812004827,0.09293428691253545
10,5,0.19745149876272916,0.050911931999470736
10,5,0.21427712337702767,0.021764444010167482
10,5,0.2325365261365176,0.007119070267630113
10,5,0.25235188495831945,0.0034953130066746954
10,5,0.2738557890240038,0.010080970982707818
10,5,0.29719212596468947,0.03591483659737332
10,5,0.32251704464669967,0.09200539980338397
10,5,0.35,0.15870038500562839
12,0,0.02,0.13480145591153356
12,0,0.021704279250320337,0.13103250865529356
12,0,0.02355378688879428,0.12674101736766616
12,0,0.025560898401846242,0.12188479617528375
12,0,0.02773904384013688,0.1164301798715966
12,0,0.03010279768216045,0.11035778990574058
12,0,0.03266797635547529,0.10367000267725447
12,0,0.03545174406810488,0.09640027454680418
12,0,0.038472727658251785,0.0886243293892095
12,0,0.04175114123081095,0.08047297942713467
12,0,0.045308921414654195,0.07214602734231244
12,0,0.049169874145723685,0.06392630908001143
12,0,0.05335983395809462,0.05619252487748019
12,0,0.05790683684886057,0.04942909484420171
12,0,0.06284130787352046,0.04423075061857663
12,0,0.06819626472711207,0.04129843700042168
12,0,0.07400753867330055,0.04142010708241809
12,0,0.08031401429970984,0.0454229647181689
12,0,0.08715788970375611,0.0540702732878594
12,0,0.0945849588499471,0.0678569070448917
12,0,0.10264491798796548,0.08664574297501826
12,0,0.11139169818185155,0.1091177341240325
12,0,0.12088382617531526,0.13214474063480183
12,0,0.13118481600781126,0.15048267823046962
12,0,0.1423635940017714,0.15751783590748397
12,0,0.15449495996468374,0.14773907554130158
12,0,0.16766008769202778,0.12048639860081037
12,0,0.18194706812004827,0.08242313962233648
12,0,0.19745149876272916,0.04530090729141262
12,0,0.21427712337702767,0.019017822668963475
12,0,0.2325365261365176,0.005910249797103224
12,0,0.25235188495831945,0.0023806560640032685
12,0,0.2738557890240038,0.006279334235248159
12,0,0.29719212596468947,0.023166229513492332
12,0,0.32251704464669967,0.061913269346340276
12,0,0.35,0.11111239102486051
12,1,0.02,0.13462930457310873
12,1,0.021704279250320337,0.13115745257416273
12,1,0.02355378688879428,0.12721576365136125
12,1,0.025560898401846242,0.12277190670028153
12,1,0.02773904384013688,0.11780426916979841
12,1,0.03010279768216045,0.11230838810701041
12,1,0.03266797635547529,0.1063053225312329
12,1,0.03545174406810488,0.09985218231251926
12,1,0.038472727658251785,0.09305485449762636
12,1,0.04175114123081095,0.08608264780845566
12,1,0.045308921414654195,0.07918404950416662
12,1,0.049169874145723685,0.07270198082097569
12,1,0.05335983395809462,0.0670857495782248
12,1,0.05790683684886057,0.06289519031941446
12,1,0.06284130787352046,0.06079004136917162
12,1,0.06819626472711207,0.06149415504984881
12,1,0.07400753867330055,0.06571951018084482
12,1,0.08031401429970984,0.0740298707555396
12,1,0.08715788970375611,0.08662165961113175
12,1,0.0945849588499471,0.10300951336622592
12,1,0.10264491798796548,0.12164454679179461
12,1,0.11139169818185155,0.13958833096557666
12,1,0.12088382617531526,0.15251787824170945
12,1,0.13118481600781126,0.15546718241687696
12,1,0.1423635940017714,0.14459384361606215
12,1,0.15449495996468374,0.1196055637421539
12,1,0.16766008769202778,0.08537082090332443
12,1,0.18194706812004827,0.05071189330513513
12,1,0.19745149876272916,0.024004552623223745
12,1,0.21427712337702767,0.008598098510539944
12,1,0.2325365261365176,0.0022243658091102587
12,1,0.25235188495831945,0.0006670358493239712
12,1,0.2738557890240038,0.0019856761047784464
12,1,0.29719212596468947,0.009748329146078368
12,1,0.32251704464669967,0.03462855541561669
12,1,0.35,0.08114864502555108
12,2,0.02,0.16288165379417952
12,2,0.021704279250320337,0.16133541857177275
12,2,0.02355378688879428,0.1596582426513303
12,2,0.025560898401846242,0.1578729063557113
12,2,0.02773904384013688,0.15601854315348457
12,2,0.03010279768216045,0.154155305066248
12,2,0.03266797635547529,0.15236904734317128
12,2,0.03545174406810488,0.15077510903789684
12,2,0.038472727658251785,0.14951960459548938
12,2,0.04175114123081095,0.14877575129383067
12,2,0.045308921414654195,0.14873169818426765
12,2,0.049169874145723685,0.14956531684912072
12,2,0.05335983395809462,0.15140097667926197
12,2,0.05790683684886057,0.15424441431602645
12,2,0.06284130787352046,0.1578959149928846
12,2,0.06819626472711207,0.16185103176945648
12,2,0.07400753867330055,0.16521345019073322
12,2,0.08031401429970984,0.16666548863038988
12,2,0.08715788970375611,0.16456149630180691
12,2,0.0945849588499471,0.1572118287817179
12,2,0.10264491798796548,0.14338398427270277
12,2,0.11139169818185155,0.12293868409784427
12,2,0.12088382617531526,0.09735289850219771
12,2,0.13118481600781126,0.06975028261501123
12,2,0.1423635940017714,0.04413871713168979
12,2,0.15449495996468374,0.02397930379447322
12,2,0.16766008769202778,0.010813925712076764
12,2,0.18194706812004827,0.003889767866478494
12,2,0.19745149876272916,0.0010663417079128145
12,2,0.21427712337702767,0.000228535549775121
12,2,0.2325365261365176,0.00016987345898504045
12,2,0.25235188495831945,0.0009125015087099614
12,2,0.2738557890240038,0.004767047593134482
12,2,0.29719212596468947,0.0189727116711759
12,2,0.32251704464669967,0.05312955422637813
12,2,0.35,0.09901266072044096
12,3,0.02,0.1355195578551396
12,3,0.021704279250320337,0.1318973560294585
12,3,0.02355378688879428,0.12778517143251458
12,3,0.025560898401846242,0.12314915493132671
12,3,0.02773904384013688,0.11796644310333454
12,3,0.03010279768216045,0.11223171522381704
12,3,0.03266797635547529,0.10596569080645875
12,3,0.03545174406810488,0.09922576065312169
12,3,0.038472727658251785,0.09211876271171876
12,3,0.04175114123081095,0.08481559346453195
12,3,0.045308921414654195,0.07756683712984694
12,3,0.049169874145723685,0.07071784188340713
12,3,0.05335983395809462,0.0647206005260816
12,3,0.05790683684886057,0.06013828266780954
12,3,0.06284130787352046,0.057636097483583414
12,3,0.06819626472711207,0.05794897470740872
12,3,0.07400753867330055,0.06181192724280411
12,3,0.08031401429970984,0.06983308308024712
12,3,0.08715788970375611,0.08228487341545107
12,3,0.0945849588499471,0.09879448759751527
12,3,0.10264491798796548,0.11794964355164882
12,3,0.11139169818185155,0.1369277106654474
12,3,0.12088382617531526,0.1514170712199837
12,3,0.13118481600781126,0.15626047493652
12,3,0.1423635940017714,0.1471824099248924
12,3,0.15449495996468374,0.12333422725789189
12,3,0.16766008769202778,0.08920289100340376
12,3,0.18194706812004827,0.05370357986214413
12,3,0.19745149876272916,0.02577017469587255
12,3,0.21427712337702767,0.009381075911079732
12,3,0.2325365261365176,0.0026208687851422313
12,3,0.25235188495831945,0.0016787397205803617
12,3,0.2738557890240038,0.006323427256556332
12,3,0.29719212596468947,0.023733832265744565
12,3,0.32251704464669967,0.06373628435742665
12,3,0.35,0.11472919763300554
12,4,0.02,0.1340497208357947
12,4,0.021704279250320337,0.1302791386182228
12,4,0.02355378688879428,0.12597790905597092
12,4,0.025560898401846242,0.12109945173767946
12,4,0.02773904384013688,0.1156038204150585
12,4,0.03010279768216045,0.10946272667886923
12,4,0.03266797635547529,0.10266598916835791
12,4,0.03545174406810488,0.09522946765752272
12,4,0.038472727658251785,0.08720436911123176
12,4,0.04175114123081095,0.07868756051568977
12,4,0.045308921414654195,0.06983221052175079
12,4,0.049169874145723685,0.0608577780985587
12,4,0.05335983395809462,0.05205821421948788
12,4,0.05790683684886057,0.04380746017126851
12,4,0.06284130787352046,0.03656213889613375
12,4,0.06819626472711207,0.03086275468993902
12,4,0.07400753867330055,0.027336054596863887
12,4,0.08031401429970984,0.0267002864634008
12,4,0.08715788970375611,0.029767409453370752
12,4,0.0945849588499471,0.03741523870269135
12,4,0.10264491798796548,0.05046324443983442
12,4,0.11139169818185155,0.06933778908171806
12,4,0.12088382617531526,0.09340410424781118
12,4,0.13118481600781126,0.119983572948366
12,4,0.1423635940017714,0.14350109027709165
12,4,0.15449495996468374,0.15586169286209767
12,4,0.16766008769202778,0.1493774621669778
12,4,0.18194706812004827,0.12206020341102722
12,4,0.19745149876272916,0.08159218348449937
12,4,0.21427712337702767,0.042469370272650346
12,4,0.2325365261365176,0.016374625282427068
12,4,0.25235188495831945,0.005390679716279132
12,4,0.2738557890240038,0.006571889686760946
12,4,0.29719212596468947,0.022261384396802603
12,4,0.32251704464669967,0.058971481859969886
12,4,0.35,0.10494123287895665
12,5,0.02,0.13349523584115408
12,5,0.021704279250320337,0.12975862071473315
12,5,0.02355378688879428,0.12549190224237106
12,5,0.025560898401846242,0.12064653290229237
12,5,0.02773904384013688,0.1151794700372118
12,5,0.03010279768216045,0.10905769279417046
12,5,0.03266797635547529,0.10226392091784804
12,5,0.03545174406810488,0.0948034851136997
12,5,0.038472727658251785,0.08671206385151337
12,5,0.04175114123081095,0.07806364795871687
12,5,0.045308921414654195,0.06897762034152548
12,5,0.049169874145723685,0.059623285867396715
12,5,0.05335983395809462,0.05021967391927161
12,5,0.05790683684886057,0.0410281872324285
12,5,0.06284130787352046,0.03233601899131503
12,5,0.06819626472711207,0.024429586830083658
12,5,0.07400753867330055,0.017559791075866422
12,5,0.08031401429970984,0.011904524808586562
12,5,0.08715788970375611,0.007537635698385056
12,5,0.0945849588499471,0.004415784468902703
12,5,0.10264491798796548,0.0023936312757219043
12,5,0.11139169818185155,0.0012734961071157271
12,5,0.12088382617531526,0.0008919873297508779
12,5,0.13118481600781126,0.0012509856728728313
12,5,0.1423635940017714,0.0027183244003294227
12,5,0.15449495996468374,0.0063325128040743325
12,5,0.16766008769202778,0.01415638785796369
12,5,0.18194706812004827,0.029275387695901628
12,5,0.19745149876272916,0.054444290438693935
12,5,0.21427712337702767,0.0884481334187525
12,5,0.2325365261365176,0.12174706203990354
12,5,0.25235188495831945,0.13711930479084844
12,5,0.2738557890240038,0.12027005742146735
12,5,0.29719212596468947,0.07586227041767002
12,5,0.32251704464669967,0.030527250927607073
12,5,0.35,0.006705529949321365
