L,E,n,rho,rho_std,rho_sem
8,0.02,6,0.2706560741402108,0.06630379715164968,0.027068411838423734
8,0.021704279250320337,6,0.2644306405150544,0.061624633761602536,0.025158151383635894
8,0.02355378688879428,6,0.25730283909319535,0.05631438780654798,0.02299025255054223
8,0.025560898401846242,6,0.24918191833852074,0.050329825178342516,0.020547065088403423
8,0.02773904384013688,6,0.23998261763417653,0.04364179036083302,0.01781668630759238
8,0.03010279768216045,6,0.22963162203189927,0.03624364402682971,0.01479640571413403
8,0.03266797635547529,6,0.2180758459700216,0.028162903840585722,0.011497457347417285
8,0.03545174406810488,6,0.20529252430310027,0.019480069331223267,0.007952705002589426
8,0.038472727658251785,6,0.19130077711539828,0.010387811954975096,0.004240806472278662
8,0.04175114123081095,6,0.1761738485650318,0.002590651556004172,0.0010576290689262502
8,0.045308921414654195,6,0.160050604744946,0.009436507273732433,0.003852437962451075
8,0.049169874145723685,6,0.1431441782701144,0.018555721613771444,0.007575341627145546
8,0.05335983395809462,6,0.12574503375840634,0.02704369524735041,0.011040542352556503
8,0.05790683684886057,6,0.10821548776047822,0.034311396167437114,0.014007568828784544
8,0.06284130787352046,6,0.09097323746010537,0.03982124577780998,0.01625695551293225
8,0.06819626472711207,6,0.07446309721799231,0.0430945569992361,0.01759327922323564
8,0.07400753867330055,6,0.059118983411539004,0.04379289897129827,0.017878376139489185
8,0.08031401429970984,6,0.0453216530208577,0.041816601283786864,0.01707155598711497
8,0.08715788970375611,6,0.03336035624229889,0.03739023077685727,0.015264497794701298
8,0.0945849588499471,6,0.02340647816197845,0.03109713974939965,0.01269535414100825
8,0.10264491798796548,6,0.015503311655367669,0.02382458354920712,0.009726345504977281
8,0.11139169818185155,6,0.009569899358227626,0.016601045586273237,0.006777348480508708
8,0.12088382617531526,6,0.005413166154555776,0.010353045489106599,0.004226613122022378
8,0.13118481600781126,6,0.002745882588219652,0.005665115256778546,0.00231277361886059
8,0.1423635940017714,6,0.001216086156502237,0.0026549992913164296,0.0010838989218627003
8,0.15449495996468374,6,0.00045523016513979235,0.0010350432440367889,0.0004225546349341901
8,0.16766008769202778,6,0.00013861062150919765,0.000324086824553161,0.0001323078920856899
8,0.18194706812004827,6,3.283472314297437e-05,7.81446846539307e-05,3.1902433918804886e-05
8,0.19745149876272916,6,5.9565992439128065e-06,1.3698012086820914e-05,5.592190017197971e-06
8,0.21427712337702767,6,3.0544530511271106e-06,2.2868797943309924e-06,9.336147665319783e-07
8,0.2325365261365176,6,2.3236930651264907e-05,2.288663916781628e-05,9.343431314724286e-06
8,0.25235188495831945,6,0.00020504575446000657,0.00018567489611080176,7.58014589192902e-05
8,0.2738557890240038,6,0.0015389710375375686,0.001239813329281118,0.0005061516721733269
8,0.29719212596468947,6,0.009130787696970483,0.006286519413584962,0.0025664608035639476
8,0.32251704464669967,6,0.03953016875565821,0.021862395071205097,0.008925285413265066
8,0.35,6,0.11547427480024218,0.04619874432863667,0.01886055839374301
10,0.02,6,0.03822047052448573,0.026817473272119172,0.010948187617902993
10,0.021704279250320337,6,0.040683666591793254,0.0280897172671137,0.011467579053912423
10,0.02355378688879428,6,0.04356455365862175,0.029556988003366834,0.01206658982363542
10,0.025560898401846242,6,0.04692799595022621,0.031241299496624665,0.012754207111366565
10,0.02773904384013688,6,0.05084588246526589,0.03316365932464997,0.013539007224814301
10,0.03010279768216045,6,0.055396200042582666,0.03534212198625232,0.014428360882252817
10,0.03266797635547529,6,0.060660929574167986,0.03778894241940243,0.015427271141158399
10,0.03545174406810488,6,0.06672213974641768,0.0405065449349505,0.01653672772229119
10,0.038472727658251785,6,0.07365542600074701,0.04348198068836088,0.017751444282006035
10,0.04175114123081095,6,0.08151959876309989,0.04667953503980883,0.01905684037964995
10,0.045308921414654195,6,0.09034133057553155,0.05003120303737991,0.02042515310986078
10,0.049169874145723685,6,0.10009346614851532,0.05342494298908615,0.021810641643423768
10,0.05335983395809462,6,0.11066613543170195,0.05669105948043225,0.023144028117471644
10,0.05790683684886057,6,0.12183108668001413,0.05958796707847408,0.024326685692003996
10,0.06284130787352046,6,0.13320230244695164,0.06179035294127153,0.025225805955432834
10,0.06819626472711207,6,0.1442004778097023,0.06288624201672567,0.025673200797025012
10,0.07400753867330055,6,0.15403536517709446,0.062396505916836806,0.02547326687146694
10,0.08031401429970984,6,0.16172704592673945,0.05984498119243957,0.02443161126465549
10,0.08715788970375611,6,0.16619109053402162,0.054938857071008804,0.02242869447927786
10,0.0945849588499471,6,0.16640624127817408,0.04798777850684403,0.019590928538577586
10,0.10264491798796548,6,0.16165792419355454,0.040784977285119206,0.016650397253257402
10,0.11139169818185155,6,0.15180298040234705,0.03754690826091544,0.015328461109722226
10,0.12088382617531526,6,0.13744499993803364,0.04184331706977621,0.01708246266107352
10,0.13118481600781126,6,0.11988837650303612,0.050409458121644844,0.020579575101371206
10,0.1423635940017714,6,0.10080834039988468,0.05689822696254455,0.02322860388788369
10,0.15449495996468374,6,0.08174235363954281,0.05773067266019285,0.02356844842085261
10,0.16766008769202778,6,0.06367432423652228,0.05382681444908528,0.02197470497995463
10,0.18194706812004827,6,0.04698819529706042,0.04849423630684018,0.019797689069618103
10,0.19745149876272916,6,0.03186612734426859,0.04174971094038171,0.017044248118771275
10,0.21427712337702767,6,0.018877998823420453,0.03091454881100138,0.012620811702552965
10,0.2325365261365176,6,0.009152743311714643,0.017546177381042295,0.007163196919986218
10,0.25235188495831945,6,0.0037499093640003408,0.006826125701202405,0.00278675414800732
10,0.2738557890240038,6,0.0035607461757043006,0.003483032932522505,0.0014219422403316483
10,0.29719212596468947,6,0.01218434049010294,0.012888695485758406,0.005261787898370178
10,0.32251704464669967,6,0.03898252757653886,0.03325083938580833,0.013574598335744736
10,0.35,6,0.08909346247684363,0.058233602285256376,0.023773768580508423
12,0.02,6,0.1392294881351517,0.01160749171758689,0.0047387386502782975
12,0.021704279250320337,6,0.1359100825272739,0.012477787600434814,0.005094035456648701
12,0.02355378688879428,6,0.13214500106686905,0.013503953095924438,0.005512965765915342
12,0.025560898401846242,6,0.12790412480042918,0.014712483146906784,0.00600634609320309
12,0.02773904384013688,6,0.12316712095841408,0.016133292455373753,0.006586389064459874
12,0.03010279768216045,6,0.11792893629597595,0.017799419138729036,0.007266582434635895
12,0.03266797635547529,6,0.11220666224072055,0.019746137931845723,0.008061327053939657
12,0.03545174406810488,6,0.10604771322026073,0.02200910608094182,0.00898517993218231
12,0.038472727658251785,6,0.09953899735946486,0.024621000567412066,0.010051481391155779
12,0.04175114123081095,6,0.09281636341139327,0.027605916577491337,0.011270068249448855
12,0.045308921414654195,6,0.08607307383731165,0.03097063357367498,0.012643708211035533
12,0.049169874145723685,6,0.0795654187665784,0.03469183870717699,0.01416288384525308
12,0.05335983395809462,6,0.07361295663330135,0.038698781714601345,0.015798711478020203
12,0.05790683684886057,6,0.06859043825852486,0.042852092512775296,0.01749429351113982
12,0.06284130787352046,6,0.0649084937252775,0.04692240597685973,0.019155992024504336
12,0.06819626472711207,6,0.06298082334119305,0.050578141218875744,0.02064843968744587
12,0.07400753867330055,6,0.06317680672825508,0.053401555138029,0.021801093593212063
12,0.08031401429970984,6,0.06575936974272215,0.05496647493728318,0.022439969425970634
12,0.08715788970375611,6,0.07080722462800082,0.05502568325002823,0.02246414111843005
12,0.0945849588499471,6,0.07811729332699081,0.053846002090105025,0.021982538301598974
12,0.10264491798796548,6,0.08708013221778681,0.052593797823364936,0.021471328050390776
12,0.11139169818185155,6,0.09653062417362245,0.053207297253082236,0.02172178814377342
12,0.12088382617531526,6,0.10462144669604245,0.056885660132416645,0.023223473500967425
12,0.13118481600781126,6,0.10886586280335277,0.06226473391482101,0.025419471176912994
12,0.1423635940017714,6,0.1066087035429249,0.06593571801931579,0.026918144161893
12,0.15449495996468374,6,0.09614206266699876,0.0644854319683256,0.026326067360892668
12,0.16766008769202778,6,0.07823464770742614,0.055980916340077576,0.022854113394437207
12,0.18194706812004827,6,0.05701066196050384,0.04127692568565884,0.01685123434677414
12,0.19745149876272916,6,0.038696408373602505,0.028037912823894326,0.011446429978529682
12,0.21427712337702767,6,0.02802383938862685,0.03297989679471917,0.013463986486118736
12,0.2325365261365176,6,0.024841174195445227,0.04782206294616575,0.01952327544422742
12,0.25235188495831945,6,0.024691486274957524,0.055104463509778975,0.022496303024795588
12,0.2738557890240038,6,0.024366238716324286,0.047014632475832076,0.019193643335045262
12,0.29719212596468947,6,0.028957459568493965,0.023555930095873003,0.009616668191926416
12,0.32251704464669967,6,0.05048439935555645,0.014387178316260005,0.0058735409522119066
12,0.35,6,0.08627494287202268,0.04073031717487794,0.01662808235669484
