L,h,realization,seed,E_state,q,Pq,n_boxes,box_size,n_impurities,p_eff
8,-3.460461572088891,0,2629690545,0.015823607420522023,0.5,6.276642633926486,64,1,2,0.03125
8,-3.460461572088891,0,2629690545,0.015823607420522023,1.5,0.251968737653538,64,1,2,0.03125
8,-3.460461572088891,0,2629690545,0.015823607420522023,2.0,0.0834071724092984,64,1,2,0.03125
8,-3.460461572088891,0,2629690545,0.015823607420522023,2.5,0.03142402810893047,64,1,2,0.03125
8,-3.460461572088891,0,2629690545,0.015823607420522023,3.0,0.012577106600317228,64,1,2,0.03125
8,-3.460461572088891,1,3922253286,0.00021760753077914625,0.5,6.1078195646992235,64,1,2,0.03125
8,-3.460461572088891,1,3922253286,0.00021760753077914625,1.5,0.2578929070100616,64,1,2,0.03125
8,-3.460461572088891,1,3922253286,0.00021760753077914625,2.0,0.0868167160038622,64,1,2,0.03125
8,-3.460461572088891,1,3922253286,0.00021760753077914625,2.5,0.03331120362453045,64,1,2,0.03125
8,-3.460461572088891,1,3922253286,0.00021760753077914625,3.0,0.013595630805254468,64,1,2,0.03125
8,-3.460461572088891,2,3986458869,0.003329891995480061,0.5,6.226529090099236,64,1,2,0.03125
8,-3.460461572088891,2,3986458869,0.003329891995480061,1.5,0.25359106682431537,64,1,2,0.03125
8,-3.460461572088891,2,3986458869,0.003329891995480061,2.0,0.08472599516865527,64,1,2,0.03125
8,-3.460461572088891,2,3986458869,0.003329891995480061,2.5,0.032364873652552556,64,1,2,0.03125
8,-3.460461572088891,2,3986458869,0.003329891995480061,3.0,0.01315330388134114,64,1,2,0.03125
8,-3.460461572088891,3,3120178923,0.004813798650899592,0.5,5.884610405200727,64,1,2,0.03125
8,-3.460461572088891,3,3120178923,0.004813798650899592,1.5,0.266959744074771,64,1,2,0.03125
8,-3.460461572088891,3,3120178923,0.004813798650899592,2.0,0.09164443623063101,64,1,2,0.03125
8,-3.460461572088891,3,3120178923,0.004813798650899592,2.5,0.035675830552882475,64,1,2,0.03125
8,-3.460461572088891,3,3120178923,0.004813798650899592,3.0,0.014757265151485179,64,1,2,0.03125
8,-3.460461572088891,4,3662555677,0.004813798650893375,0.5,5.884610405200725,64,1,2,0.03125
8,-3.460461572088891,4,3662555677,0.004813798650893375,1.5,0.2669597440747712,64,1,2,0.03125
8,-3.460461572088891,4,3662555677,0.004813798650893375,2.0,0.09164443623063118,64,1,2,0.03125
8,-3.460461572088891,4,3662555677,0.004813798650893375,2.5,0.03567583055288255,64,1,2,0.03125
8,-3.460461572088891,4,3662555677,0.004813798650893375,3.0,0.014757265151485222,64,1,2,0.03125
8,-3.460461572088891,5,870778310,0.05258119177292553,0.5,6.592133189241793,64,1,2,0.03125
8,-3.460461572088891,5,870778310,0.05258119177292553,1.5,0.2293237769780087,64,1,2,0.03125
8,-3.460461572088891,5,870778310,0.05258119177292553,2.0,0.07005373746955543,64,1,2,0.03125
8,-3.460461572088891,5,870778310,0.05258119177292553,2.5,0.024602898620465365,64,1,2,0.03125
8,-3.460461572088891,5,870778310,0.05258119177292553,3.0,0.009182470426791264,64,1,2,0.03125
10,-3.460461572088891,0,1221684534,0.06837344406976742,0.5,7.787323695304934,100,1,3,0.03
10,-3.460461572088891,0,1221684534,0.06837344406976742,1.5,0.2037146474669342,100,1,3,0.03
10,-3.460461572088891,0,1221684534,0.06837344406976742,2.0,0.05496536969682926,100,1,3,0.03
10,-3.460461572088891,0,1221684534,0.06837344406976742,2.5,0.017037284382568536,100,1,3,0.03
10,-3.460461572088891,0,1221684534,0.06837344406976742,3.0,0.005640911056465774,100,1,3,0.03
10,-3.460461572088891,1,3863636756,0.08146711395897999,0.5,7.597520884227206,100,1,3,0.03
10,-3.460461572088891,1,3863636756,0.08146711395897999,1.5,0.2096045875301726,100,1,3,0.03
10,-3.460461572088891,1,3863636756,0.08146711395897999,2.0,0.05710567882541138,100,1,3,0.03
10,-3.460461572088891,1,3863636756,0.08146711395897999,2.5,0.01771890009569747,100,1,3,0.03
10,-3.460461572088891,1,3863636756,0.08146711395897999,3.0,0.005863149622002793,100,1,3,0.03
10,-3.460461572088891,2,3725643945,0.0814671139589831,0.5,7.597520884227201,100,1,3,0.03
10,-3.460461572088891,2,3725643945,0.0814671139589831,1.5,0.20960458753017278,100,1,3,0.03
10,-3.460461572088891,2,3725643945,0.0814671139589831,2.0,0.05710567882541143,100,1,3,0.03
10,-3.460461572088891,2,3725643945,0.0814671139589831,2.5,0.017718900095697494,100,1,3,0.03
10,-3.460461572088891,2,3725643945,0.0814671139589831,3.0,0.005863149622002794,100,1,3,0.03
10,-3.460461572088891,3,2029516374,0.0850770586208558,0.5,8.023862955214318,100,1,3,0.03
10,-3.460461572088891,3,2029516374,0.0850770586208558,1.5,0.20384341435532696,100,1,3,0.03
10,-3.460461572088891,3,2029516374,0.0850770586208558,2.0,0.0578796957441119,100,1,3,0.03
10,-3.460461572088891,3,2029516374,0.0850770586208558,2.5,0.019580832706446824,100,1,3,0.03
10,-3.460461572088891,3,2029516374,0.0850770586208558,3.0,0.007268685613189148,100,1,3,0.03
10,-3.460461572088891,4,2936904718,0.06432834787579633,0.5,8.282768569312744,100,1,3,0.03
10,-3.460461572088891,4,2936904718,0.06432834787579633,1.5,0.1876416663650965,100,1,3,0.03
10,-3.460461572088891,4,2936904718,0.06432834787579633,2.0,0.047960574984840146,100,1,3,0.03
10,-3.460461572088891,4,2936904718,0.06432834787579633,2.5,0.014346446786637384,100,1,3,0.03
10,-3.460461572088891,4,2936904718,0.06432834787579633,3.0,0.0046281357566584505,100,1,3,0.03
10,-3.460461572088891,5,3973061665,0.11795281358636789,0.5,7.276002344663706,100,1,3,0.03
10,-3.460461572088891,5,3973061665,0.11795281358636789,1.5,0.21865985476975924,100,1,3,0.03
10,-3.460461572088891,5,3973061665,0.11795281358636789,2.0,0.06105853591997329,100,1,3,0.03
10,-3.460461572088891,5,3973061665,0.11795281358636789,2.5,0.019286425537285615,100,1,3,0.03
10,-3.460461572088891,5,3973061665,0.11795281358636789,3.0,0.006484780251854914,100,1,3,0.03
12,-3.460461572088891,0,3738359286,0.0012160492142784488,0.5,8.6744175659837,144,1,4,0.027777777777777776
12,-3.460461572088891,0,3738359286,0.0012160492142784488,1.5,0.18386639714672776,144,1,4,0.027777777777777776
12,-3.460461572088891,0,3738359286,0.0012160492142784488,2.0,0.04394983667305065,144,1,4,0.027777777777777776
12,-3.460461572088891,0,3738359286,0.0012160492142784488,2.5,0.011984856043852708,144,1,4,0.027777777777777776
12,-3.460461572088891,0,3738359286,0.0012160492142784488,3.0,0.003487661082556698,144,1,4,0.027777777777777776
12,-3.460461572088891,1,3267571948,0.006001627186414282,0.5,9.12183828269971,144,1,4,0.027777777777777776
12,-3.460461572088891,1,3267571948,0.006001627186414282,1.5,0.18473394285950565,144,1,4,0.027777777777777776
12,-3.460461572088891,1,3267571948,0.006001627186414282,2.0,0.04755399001619883,144,1,4,0.027777777777777776
12,-3.460461572088891,1,3267571948,0.006001627186414282,2.5,0.014573358532464081,144,1,4,0.027777777777777776
12,-3.460461572088891,1,3267571948,0.006001627186414282,3.0,0.004898871203329441,144,1,4,0.027777777777777776
12,-3.460461572088891,2,2044491162,0.0007208619622671155,0.5,8.160135456129119,144,1,4,0.027777777777777776
12,-3.460461572088891,2,2044491162,0.0007208619622671155,1.5,0.22435760249009648,144,1,4,0.027777777777777776
12,-3.460461572088891,2,2044491162,0.0007208619622671155,2.0,0.07033194089426412,144,1,4,0.027777777777777776
12,-3.460461572088891,2,2044491162,0.0007208619622671155,2.5,0.025763895237210593,144,1,4,0.027777777777777776
12,-3.460461572088891,2,2044491162,0.0007208619622671155,3.0,0.010149495439693665,144,1,4,0.027777777777777776
12,-3.460461572088891,3,20803899,0.0024595965748623883,0.5,8.592618935456379,144,1,4,0.027777777777777776
12,-3.460461572088891,3,20803899,0.0024595965748623883,1.5,0.18834051401427282,144,1,4,0.027777777777777776
12,-3.460461572088891,3,20803899,0.0024595965748623883,2.0,0.04681738285186495,144,1,4,0.027777777777777776
12,-3.460461572088891,3,20803899,0.0024595965748623883,2.5,0.01347275899407012,144,1,4,0.027777777777777776
12,-3.460461572088891,3,20803899,0.0024595965748623883,3.0,0.004185779150703284,144,1,4,0.027777777777777776
12,-3.460461572088891,4,1055869839,0.003691852819331487,0.5,8.611149771911847,144,1,4,0.027777777777777776
12,-3.460461572088891,4,1055869839,0.003691852819331487,1.5,0.1964534931078569,144,1,4,0.027777777777777776
12,-3.460461572088891,4,1055869839,0.003691852819331487,2.0,0.05271779993845774,144,1,4,0.027777777777777776
12,-3.460461572088891,4,1055869839,0.003691852819331487,2.5,0.01663961796457578,144,1,4,0.027777777777777776
12,-3.460461572088891,4,1055869839,0.003691852819331487,3.0,0.005708378285408489,144,1,4,0.027777777777777776
12,-3.460461572088891,5,3061919473,0.005125934551809763,0.5,8.23324376889564,144,1,4,0.027777777777777776
12,-3.460461572088891,5,3061919473,0.005125934551809763,1.5,0.2240528755795099,144,1,4,0.027777777777777776
12,-3.460461572088891,5,3061919473,0.005125934551809763,2.0,0.0695729259372525,144,1,4,0.027777777777777776
12,-3.460461572088891,5,3061919473,0.005125934551809763,2.5,0.025054249129022637,144,1,4,0.027777777777777776
12,-3.460461572088891,5,3061919473,0.005125934551809763,3.0,0.00964309188807897,144,1,4,0.027777777777777776
