L,count,mean,std,mean_log_Pq,std_log_Pq,sem_log_Pq,q
8.0,6,6.162057548061365,0.2680100639059923,1.8176303653033266,0.04317157644711494,0.01762472228116465,0.5
10.0,6,7.760833222158351,0.35516354302250713,2.0482200114194384,0.045651508434022624,0.01863715027528636,0.5
12.0,6,8.565567296846066,0.34609514549473086,2.1470752999393388,0.040176955150785586,0.016402173256351512,0.5
8.0,6,0.254449329435911,0.01387849063837739,-1.3699381025138153,0.0560259988986685,0.02287251827191169,1.5
10.0,6,0.20551145966957707,0.010312401340945567,-1.5833270305538358,0.051059778719721866,0.020845067373789584,1.5
12.0,6,0.2003008041996616,0.01904288680815528,-1.6116008414494394,0.09314827155888038,0.03802762262357659,1.5
8.0,6,0.08471541558543892,0.007963850010651141,-2.472413427309483,0.09922071591316908,0.04050668765015189,2.0
10.0,6,0.05601258899942957,0.004410645227519349,-2.884907037339422,0.08204894951081346,0.03349634337214541,2.0
12.0,6,0.055157312718514796,0.011806802555767557,-2.915801300732347,0.20663769448802977,0.08435948552013217,2.0
8.0,6,0.03217577751870731,0.00409241528333174,-3.4440300365020966,0.13769244345681766,0.05621270465103794,2.5
10.0,6,0.017614798267388886,0.0018813265115460135,-4.044068135786653,0.11186200822056726,0.04566747362390118,2.5
12.0,6,0.01791478931686599,0.006004453577701586,-4.066869816895471,0.32353425800238217,0.13208230773596694,2.5
8.0,6,0.013003840336112417,0.002064292718689903,-4.354577448836108,0.17630587828148436,0.07197657340714592,3.0
10.0,6,0.005958135320362312,0.0008811891502666392,-5.132320776401795,0.15066493804529668,0.06150870338983621,3.0
12.0,6,0.006345546174961757,0.002852184774247371,-5.141833651188951,0.43932397438099385,0.1793532615008307,3.0
