replicate,q,tau_typical,Dq_typical,tau_average,Dq_average
0,0.5,-0.7917796491332071,1.5835592982664142,-0.7903853183363081,1.5807706366726162
0,1.5,0.5824806259726342,1.1649612519452683,0.5772159448087674,1.1544318896175347
0,2.0,1.3623896725818438,1.3623896725818438,1.3717362074059518,1.3717362074059518
0,2.5,1.0068267137748148,0.6712178091832098,0.9802062822786732,0.6534708548524488
0,3.0,2.993467532583228,1.496733766291614,2.9979283556372027,1.4989641778186014
1,0.5,-0.8988678439043822,1.7977356878087645,-0.8998325575476482,1.7996651150952965
1,1.5,0.6080107509933925,1.216021501986785,0.6009427004945042,1.2018854009890083
1,2.0,1.2552643907602552,1.2552643907602552,1.2192882586783715,1.2192882586783715
1,2.5,1.4808863385559812,0.9872575590373208,1.3752573946526123,0.9168382631017415
1,3.0,1.5527832281203005,0.7763916140601502,1.317078580624624,0.658539290312312
2,0.5,-0.7728464392319839,1.5456928784639679,-0.772260029876957,1.544520059753914
2,1.5,0.2804885737748396,0.5609771475496792,0.28058006144964137,0.5611601228992827
2,2.0,1.1923069997056768,1.1923069997056768,1.1732088253495307,1.1732088253495307
2,2.5,1.4443669435350424,0.9629112956900282,1.360031858904728,0.9066879059364853
2,3.0,2.0932079739301472,1.0466039869650736,1.8706957136336857,0.9353478568168428
3,0.5,-0.8288177387406848,1.6576354774813695,-0.8286773528810973,1.6573547057621947
3,1.5,0.7534145097940735,1.506829019588147,0.7531811975299544,1.5063623950599088
3,2.0,1.120257272157978,1.120257272157978,1.0765802009651335,1.0765802009651335
3,2.5,1.3512018197564528,0.9008012131709685,1.3036426464327369,0.8690950976218246
3,3.0,2.104973635336197,1.0524868176680986,1.9823173316294587,0.9911586658147293
4,0.5,-0.8519389166506214,1.7038778333012428,-0.8524235183901601,1.7048470367803201
4,1.5,0.7895360837025711,1.5790721674051422,0.783570237587238,1.567140475174476
4,2.0,1.1666017122495882,1.1666017122495882,1.1350883595618961,1.1350883595618961
4,2.5,2.0053820407189398,1.336921360479293,1.9416874906695247,1.2944583271130166
4,3.0,2.0382481422425403,1.0191240711212701,1.9061449506879042,0.9530724753439521
5,0.5,-0.822644388160196,1.645288776320392,-0.8225415107816916,1.6450830215633832
5,1.5,0.7580071488364721,1.5160142976729443,0.7529844725852635,1.505968945170527
5,2.0,1.3919324605613108,1.3919324605613108,1.3684526007620832,1.3684526007620832
5,2.5,1.2924931569521045,0.8616621046347364,1.2236918207899918,0.8157945471933279
5,3.0,2.113806400795791,1.0569032003978955,1.923678052282828,0.961839026141414
6,0.5,-0.7880519670370136,1.5761039340740273,-0.7883100755336947,1.5766201510673894
6,1.5,0.7204501478831904,1.4409002957663808,0.7217733965027333,1.4435467930054666
6,2.0,1.2888645664305876,1.2888645664305876,1.2652529922093374,1.2652529922093374
6,2.5,1.1414786697622015,0.7609857798414676,1.0729766143295532,0.7153177428863687
6,3.0,1.8201268974553335,0.9100634487276668,1.6287711267988063,0.8143855633994032
7,0.5,-0.7858821231941141,1.5717642463882282,-0.786243074747254,1.572486149494508
7,1.5,0.5609121931577365,1.121824386315473,0.5529243225620646,1.1058486451241292
7,2.0,1.5774073578398913,1.5774073578398913,1.5770864607757629,1.5770864607757629
7,2.5,1.3039654098363342,0.8693102732242228,1.2160742097997344,0.8107161398664896
7,3.0,2.8277484031344935,1.4138742015672467,2.8110509690681282,1.4055254845340641
8,0.5,-0.8007257490238076,1.601451498047615,-0.7995664489835644,1.5991328979671289
8,1.5,0.5147802399671674,1.0295604799343347,0.5099166707007519,1.0198333414015037
8,2.0,1.3070974987375386,1.3070974987375386,1.3156852486814272,1.3156852486814272
8,2.5,1.7640883764847004,1.1760589176564669,1.7787355803478966,1.185823720231931
8,3.0,1.3534863032652484,0.6767431516326242,1.2354818106687393,0.6177409053343696
9,0.5,-0.7523314210321956,1.5046628420643913,-0.751938995295034,1.503877990590068
9,1.5,0.5814524356949728,1.1629048713899457,0.5800063315689349,1.1600126631378698
9,2.0,1.1268655391461495,1.1268655391461495,1.0770450855052922,1.0770450855052922
9,2.5,1.4516710434773419,0.9677806956515612,1.3618183130811237,0.9078788753874157
9,3.0,2.000651810752553,1.0003259053762765,1.8419946128474476,0.9209973064237238
10,0.5,-0.8141982426332691,1.6283964852665382,-0.812833201590823,1.625666403181646
10,1.5,0.6298877045026477,1.2597754090052955,0.6287836907299671,1.2575673814599342
10,2.0,0.6925726816061365,0.6925726816061365,0.6775989178660615,0.6775989178660615
10,2.5,1.8301188516081717,1.2200792344054479,1.7014343387009494,1.1342895591339663
10,3.0,2.5506021750026946,1.2753010875013473,2.4137797353750057,1.2068898676875028
11,0.5,-0.7346536437219284,1.4693072874438569,-0.734754205688,1.469508411376
11,1.5,0.5854098935008123,1.1708197870016246,0.5803283561900398,1.1606567123800795
11,2.0,1.4473559900335353,1.4473559900335353,1.414253938376523,1.414253938376523
11,2.5,1.2893717134727223,0.8595811423151482,1.1935359355399033,0.7956906236932689
11,3.0,2.1063585127198556,1.0531792563599278,1.9613152261932043,0.9806576130966022
12,0.5,-0.8276774497775452,1.6553548995550904,-0.82822439168731,1.65644878337462
12,1.5,0.6868079787684785,1.373615957536957,0.6780823803047152,1.3561647606094305
12,2.0,1.3448576894905064,1.3448576894905064,1.3296260988614534,1.3296260988614534
12,2.5,1.601481285853855,1.0676541905692367,1.517140100998681,1.0114267339991205
12,3.0,1.5352288378954166,0.7676144189477083,1.3942050273343594,0.6971025136671797
13,0.5,-0.8643464746993709,1.7286929493987417,-0.8629150238559421,1.7258300477118842
13,1.5,0.5502675019620135,1.100535003924027,0.542868332110622,1.085736664221244
13,2.0,1.21044881129873,1.21044881129873,1.1912795091380892,1.1912795091380892
13,2.5,1.7246482586772072,1.1497655057848049,1.6407764667652434,1.0938509778434955
13,3.0,1.6741075568181878,0.8370537784090939,1.4664891751715121,0.7332445875857561
14,0.5,-0.7878160191839467,1.5756320383678935,-0.7880666637386722,1.5761333274773444
14,1.5,0.6709706708613492,1.3419413417226984,0.6659731387747928,1.3319462775495856
14,2.0,0.7706481798154765,0.7706481798154765,0.7428741769697148,0.7428741769697148
14,2.5,1.4652620238733798,0.9768413492489199,1.3303776746817029,0.8869184497878019
14,3.0,2.4411805473044526,1.2205902736522263,2.4298730258158656,1.2149365129079328
15,0.5,-0.9445644102427858,1.8891288204855716,-0.9433377481626135,1.886675496325227
15,1.5,0.6739576893164559,1.3479153786329119,0.6722080755983872,1.3444161511967745
15,2.0,1.1922892083393697,1.1922892083393697,1.1734617111069536,1.1734617111069536
15,2.5,1.1867457745897885,0.7911638497265256,1.1423134304300773,0.7615422869533849
15,3.0,2.403072288788821,1.2015361443944106,2.2992575568134086,1.1496287784067043
16,0.5,-0.8289272764816277,1.6578545529632553,-0.8285249498293148,1.6570498996586296
16,1.5,0.5742583268762851,1.1485166537525702,0.5698211531157971,1.1396423062315941
16,2.0,1.302263768725658,1.302263768725658,1.2852275035096559,1.2852275035096559
16,2.5,1.663397734630024,1.1089318230866827,1.5518084946749389,1.0345389964499592
16,3.0,2.2397507175776257,1.1198753587888128,2.0964686802543175,1.0482343401271588
17,0.5,-0.819992043120003,1.639984086240006,-0.8198178359888552,1.6396356719777103
17,1.5,0.7309698585468775,1.461939717093755,0.72833063623108,1.45666127246216
17,2.0,1.0351120072338618,1.0351120072338618,1.014694940551635,1.014694940551635
17,2.5,1.3201246556023027,0.8800831037348685,1.2609662095460563,0.8406441396973708
17,3.0,1.8407515819979323,0.9203757909989662,1.6961796348130944,0.8480898174065472
18,0.5,-0.8321509861400082,1.6643019722800163,-0.8315294354794143,1.6630588709588285
18,1.5,0.5503112259676309,1.1006224519352619,0.5452279880446831,1.0904559760893662
18,2.0,1.290492129256448,1.290492129256448,1.2470152679683066,1.2470152679683066
18,2.5,1.6691426454886626,1.1127617636591085,1.6203284607556794,1.0802189738371195
18,3.0,1.2368659309350387,0.6184329654675194,1.0979814156870156,0.5489907078435078
19,0.5,-0.9423284095673705,1.884656819134741,-0.9421802426562894,1.8843604853125788
19,1.5,0.6256985447808029,1.2513970895616058,0.6182471842043641,1.2364943684087282
19,2.0,1.1770864135139638,1.1770864135139638,1.1465759044970592,1.1465759044970592
19,2.5,1.2341308070952015,0.822753871396801,1.1609171407115824,0.7739447604743882
19,3.0,1.675253031346428,0.837626515673214,1.5009709792839347,0.7504854896419674
