M,h,density,p_target,energy,n_slices,qr_interval,n_qr,seed,gamma_min_pos,xi_M,Lambda,lyapunov_pairing_residual,runtime_sec,t,u,A,seed_index,boundary
20,-1.1966666666666668,0.03,0.03,0.0,100000,1,100000,1485681220,0.0020376689256368227,490.75685820132674,24.537842910066338,6.906696904951382e-05,627.1524311993271,1.0,-2.05,1.5,1,right_TAI_boundary
20,-1.2025,0.03,0.03,0.0,100000,1,100000,1485681220,0.0022944923959052604,435.826242782323,21.79131213911615,6.831476863222719e-05,679.7917465995997,1.0,-2.05,1.5,1,right_TAI_boundary
20,-1.1966666666666668,0.03,0.03,0.0,100000,1,100000,3069669715,0.0021306277479345797,469.34524389321183,23.46726219466059,4.9282249710791426e-05,702.2966479994357,1.0,-2.05,1.5,2,right_TAI_boundary
20,-1.2025,0.03,0.03,0.0,100000,1,100000,3069669715,0.002379440626323892,420.2668429449094,21.01334214724547,4.636381545874979e-05,704.858058899641,1.0,-2.05,1.5,2,right_TAI_boundary
20,-1.1966666666666668,0.03,0.03,0.0,100000,1,100000,2680712489,0.0019265721147561428,519.056614772282,25.952830738614104,5.183499969640959e-05,702.701282300055,1.0,-2.05,1.5,3,right_TAI_boundary
20,-1.2025,0.03,0.03,0.0,100000,1,100000,2680712489,0.002180235157268644,458.66611987524345,22.933305993762172,5.1805837785190434e-05,703.4668872999027,1.0,-2.05,1.5,3,right_TAI_boundary
20,-1.1733333333333333,0.03,0.03,0.0,100000,1,100000,3106225414,0.0008413830095437736,1188.5193647328747,59.42596823664373,3.844172434841475e-05,703.0175398001447,1.0,-2.05,1.5,0,right_TAI_boundary
20,-1.185,0.03,0.03,0.0,100000,1,100000,3106225414,0.0013400918184797632,746.2175249561835,37.310876247809176,4.411138391224867e-05,700.2100598998368,1.0,-2.05,1.5,0,right_TAI_boundary
30,-1.22,0.03,0.03,0.0,100000,1,100000,3343290699,0.002825925693269016,353.86634630268895,11.7955448767563,4.566154680907264e-05,2799.316169699654,1.0,-2.05,1.5,0,right_TAI_boundary
20,-1.1733333333333333,0.03,0.03,0.0,100000,1,100000,3732047963,0.0010760292365346142,929.3427781019512,46.46713890509756,3.9590528683630666e-05,699.5175876002759,1.0,-2.05,1.5,1,right_TAI_boundary
20,-1.185,0.03,0.03,0.0,100000,1,100000,3732047963,0.0015796276561695732,633.0605798741789,31.653028993708944,3.857309086063854e-05,700.9142787000164,1.0,-2.05,1.5,1,right_TAI_boundary
20,-1.1733333333333333,0.03,0.03,0.0,100000,1,100000,3419859144,0.0011119526980997315,899.3188304762849,44.965941523814244,5.09651734110772e-05,702.1920485999435,1.0,-2.05,1.5,2,right_TAI_boundary
20,-1.185,0.03,0.03,0.0,100000,1,100000,3419859144,0.0016164649127052716,618.6339042314424,30.931695211572123,7.093062944818485e-05,701.4262104006484,1.0,-2.05,1.5,2,right_TAI_boundary
20,-1.1733333333333333,0.03,0.03,0.0,100000,1,100000,597327712,0.0009023494188367719,1108.2181460138918,55.41090730069459,3.427912903219976e-05,700.734524499625,1.0,-2.05,1.5,3,right_TAI_boundary
20,-1.185,0.03,0.03,0.0,100000,1,100000,597327712,0.0014015108801600428,713.5156880735788,35.67578440367894,3.470028788532531e-05,699.770607999526,1.0,-2.05,1.5,3,right_TAI_boundary
20,-1.15,0.03,0.03,0.0,100000,1,100000,2425086976,1.4556568970723849e-05,68697.50708502797,3434.8753542513987,4.323095618663508e-05,699.3155760001391,1.0,-2.05,1.5,0,right_TAI_boundary
20,-1.1675,0.03,0.03,0.0,100000,1,100000,2425086976,0.000753143880630018,1327.7675431200246,66.38837715600123,6.421361142128212e-05,698.9133275002241,1.0,-2.05,1.5,0,right_TAI_boundary
30,-1.22,0.03,0.03,0.0,100000,1,100000,4152172098,0.0028647874239834045,349.0660394653397,11.635534648844658,6.333875571484793e-05,2791.041422199458,1.0,-2.05,1.5,1,right_TAI_boundary
20,-1.15,0.03,0.03,0.0,100000,1,100000,131100257,0.00019776409190944068,5056.529678086939,252.82648390434696,4.394244477712306e-05,705.4460591999814,1.0,-2.05,1.5,1,right_TAI_boundary
20,-1.1675,0.03,0.03,0.0,100000,1,100000,131100257,0.0008539982503169061,1170.9625864326008,58.54812932163004,4.382906647171225e-05,704.9496964002028,1.0,-2.05,1.5,1,right_TAI_boundary
20,-1.15,0.03,0.03,0.0,100000,1,100000,226124252,0.00013836476833817507,7227.2733298401245,361.36366649200625,4.532489524011751e-05,698.3397286003456,1.0,-2.05,1.5,2,right_TAI_boundary
20,-1.1675,0.03,0.03,0.0,100000,1,100000,226124252,0.0008365647832221925,1195.3646866992235,59.76823433496118,4.960429054978732e-05,698.3929576994851,1.0,-2.05,1.5,2,right_TAI_boundary
20,-1.15,0.03,0.03,0.0,100000,1,100000,3519634336,0.0001242522828231413,8048.141871352045,402.40709356760226,5.246776554546084e-05,699.3671260997653,1.0,-2.05,1.5,3,right_TAI_boundary
20,-1.1675,0.03,0.03,0.0,100000,1,100000,3519634336,0.0008040854530131354,1243.6489134988294,62.18244567494147,4.704199454919067e-05,699.3860130002722,1.0,-2.05,1.5,3,right_TAI_boundary
20,-1.1266666666666667,0.03,0.03,0.0,100000,1,100000,2990029940,0.0009199359563311022,1087.0321929672257,54.35160964836128,5.539608556937026e-05,700.0538514992222,1.0,-2.05,1.5,0,right_TAI_boundary
20,-1.15,0.03,0.03,0.0,100000,1,100000,2990029940,5.542122498458805e-05,18043.628596771137,902.1814298385568,4.1252543975467404e-05,701.800183000043,1.0,-2.05,1.5,0,right_TAI_boundary
30,-1.22,0.03,0.03,0.0,100000,1,100000,4224270473,0.0031255668522258,319.94196485922964,10.664732161974321,7.226784147729148e-05,2788.018874399364,1.0,-2.05,1.5,2,right_TAI_boundary
20,-1.1266666666666667,0.03,0.03,0.0,100000,1,100000,3155270603,0.0006173782606890142,1619.7525304567212,80.98762652283605,9.192401732505129e-05,705.795365399681,1.0,-2.05,1.5,1,right_TAI_boundary
20,-1.15,0.03,0.03,0.0,100000,1,100000,3155270603,0.00011098300303173712,9010.388732354235,450.51943661771173,6.420495084369371e-05,725.6960941003636,1.0,-2.05,1.5,1,right_TAI_boundary
20,-1.1266666666666667,0.03,0.03,0.0,100000,1,100000,3376122250,0.0006966113290680776,1435.5207247889493,71.77603623944746,5.1787325556662545e-05,751.7465027002618,1.0,-2.05,1.5,2,right_TAI_boundary
20,-1.15,0.03,0.03,0.0,100000,1,100000,3376122250,6.87763039029755e-06,145398.915505946,7269.9457752973,5.206645836852708e-05,750.9096049005166,1.0,-2.05,1.5,2,right_TAI_boundary
20,-1.1266666666666667,0.03,0.03,0.0,100000,1,100000,1956046676,0.00045552795430583304,2195.2549575664866,109.76274787832433,5.224328894892771e-05,727.2974453000352,1.0,-2.05,1.5,3,right_TAI_boundary
20,-1.15,0.03,0.03,0.0,100000,1,100000,1956046676,0.0002709280155582889,3691.017327755293,184.55086638776464,4.6200457068379386e-05,714.6706913001835,1.0,-2.05,1.5,3,right_TAI_boundary
20,-1.1033333333333335,0.03,0.03,0.0,100000,1,100000,2987561069,0.0018665936598266217,535.7352387519011,26.786761937595053,3.9976422314458304e-05,732.1450092000887,1.0,-2.05,1.5,0,right_TAI_boundary
30,-1.22,0.03,0.03,0.0,100000,1,100000,3035382939,0.0030513546923740904,327.7232904123497,10.924109680411656,6.448358049204739e-05,2819.1353682996705,1.0,-2.05,1.5,3,right_TAI_boundary
20,-1.1325,0.03,0.03,0.0,100000,1,100000,2987561069,0.0006726174860787222,1486.729115280481,74.33645576402405,3.292809409582986e-05,730.4859560998157,1.0,-2.05,1.5,0,right_TAI_boundary
20,-1.1033333333333335,0.03,0.03,0.0,100000,1,100000,3694705013,0.0016973663593550358,589.1480024265235,29.457400121326174,4.4585250432271906e-05,708.168842099607,1.0,-2.05,1.5,1,right_TAI_boundary
20,-1.1325,0.03,0.03,0.0,100000,1,100000,3694705013,0.0004964535108772153,2014.2872959706465,100.71436479853233,4.385283358132597e-05,700.1766469003633,1.0,-2.05,1.5,1,right_TAI_boundary
20,-1.1033333333333335,0.03,0.03,0.0,100000,1,100000,330716598,0.00180425908443439,554.2441263713997,27.712206318569987,4.5711214525789856e-05,700.5313809001818,1.0,-2.05,1.5,2,right_TAI_boundary
20,-1.1325,0.03,0.03,0.0,100000,1,100000,330716598,0.0006071449404269113,1647.0531720100548,82.35265860050274,6.883988007633235e-05,701.4799758996814,1.0,-2.05,1.5,2,right_TAI_boundary
20,-1.1033333333333335,0.03,0.03,0.0,100000,1,100000,3651672493,0.001833116410589245,545.5190920900411,27.275954604502054,3.0066712160436992e-05,712.9757032003254,1.0,-2.05,1.5,3,right_TAI_boundary
20,-1.1325,0.03,0.03,0.0,100000,1,100000,3651672493,0.0006372701835829008,1569.1931393647458,78.45965696823728,6.665176371734027e-05,716.6075457995757,1.0,-2.05,1.5,3,right_TAI_boundary
20,-1.08,0.03,0.03,0.0,100000,1,100000,3665202113,0.0026802418749469117,373.1006553353724,18.65503276676862,5.62284325125173e-05,705.4350046999753,1.0,-2.05,1.5,0,right_TAI_boundary
30,-1.2025,0.03,0.03,0.0,100000,1,100000,3587144958,0.0022464132889546407,445.1540617734442,14.838468725781473,5.854624934487074e-05,2792.5296505996957,1.0,-2.05,1.5,0,right_TAI_boundary
20,-1.115,0.03,0.03,0.0,100000,1,100000,3665202113,0.0012634178787006628,791.5037588580195,39.575187942900975,5.88471639070276e-05,698.7387876994908,1.0,-2.05,1.5,0,right_TAI_boundary
20,-1.08,0.03,0.03,0.0,100000,1,100000,3646159730,0.002619548898293009,381.74511674572494,19.087255837286246,6.366301406290908e-05,698.4743568999693,1.0,-2.05,1.5,1,right_TAI_boundary
20,-1.115,0.03,0.03,0.0,100000,1,100000,3646159730,0.0011996083522285816,833.6053997475445,41.68026998737723,8.707978670108307e-05,699.2295378996059,1.0,-2.05,1.5,1,right_TAI_boundary
20,-1.08,0.03,0.03,0.0,100000,1,100000,4130210372,0.0026038369116768772,384.04863050965724,19.20243152548286,9.176714246006412e-05,708.1079561999068,1.0,-2.05,1.5,2,right_TAI_boundary
20,-1.115,0.03,0.03,0.0,100000,1,100000,4130210372,0.0011837576780064567,844.7674879575696,42.23837439787848,9.884919399316683e-05,708.5777157992125,1.0,-2.05,1.5,2,right_TAI_boundary
20,-1.08,0.03,0.03,0.0,100000,1,100000,741600522,0.0029037215776652925,344.38563521094875,17.21928176054744,5.043302690899143e-05,707.4003189001232,1.0,-2.05,1.5,3,right_TAI_boundary
20,-1.115,0.03,0.03,0.0,100000,1,100000,741600522,0.0014971268608074352,667.9460680176941,33.3973034008847,5.3420428474004744e-05,725.3732600007206,1.0,-2.05,1.5,3,right_TAI_boundary
30,-1.2025,0.03,0.03,0.0,100000,1,100000,4202225635,0.0021718248258991916,460.4422916963269,15.348076389877564,7.937867355067851e-05,2819.812657000497,1.0,-2.05,1.5,1,right_TAI_boundary
20,-1.0975000000000001,0.03,0.03,0.0,100000,1,100000,859107303,0.0018673947261547608,535.5054215340676,26.775271076703383,5.168285549617124e-05,766.1310111004859,1.0,-2.05,1.5,0,right_TAI_boundary
20,-1.0975000000000001,0.03,0.03,0.0,100000,1,100000,783122600,0.0018622030974489417,536.9983549967853,26.849917749839268,5.128624829153772e-05,750.7774233995005,1.0,-2.05,1.5,1,right_TAI_boundary
20,-1.0975000000000001,0.03,0.03,0.0,100000,1,100000,3075599071,0.0018891572906578511,529.336548600342,26.466827430017098,5.712183146100447e-05,734.2663827994838,1.0,-2.05,1.5,2,right_TAI_boundary
30,-1.22,0.03,0.03,0.0,100000,1,100000,4244478097,0.0029677832086987903,336.95183565596255,11.231727855198752,4.135546730177353e-05,2867.9151941994205,1.0,-2.05,1.5,0,right_TAI_boundary
20,-1.0975000000000001,0.03,0.03,0.0,100000,1,100000,689357259,0.0020696022131641606,483.18463984976427,24.159231992488213,3.8485708556357245e-05,730.1398056000471,1.0,-2.05,1.5,3,right_TAI_boundary
30,-1.2025,0.03,0.03,0.0,100000,1,100000,1987429251,0.0021021133316886397,475.71174442659293,15.857058147553097,6.05289511353968e-05,2854.7747860997915,1.0,-2.05,1.5,2,right_TAI_boundary
20,-1.08,0.03,0.03,0.0,100000,1,100000,1324037705,0.0025579716487264905,390.93474726268335,19.546737363134167,5.4592350749338436e-05,720.471541499719,1.0,-2.05,1.5,0,right_TAI_boundary
20,-1.08,0.03,0.03,0.0,100000,1,100000,3862431765,0.002576809868561507,388.07675032626514,19.403837516313256,4.306790526098503e-05,718.1800915002823,1.0,-2.05,1.5,1,right_TAI_boundary
20,-1.08,0.03,0.03,0.0,100000,1,100000,4037803019,0.0025536266612227678,391.59992147057403,19.5799960735287,5.10179973747249e-05,720.2643622001633,1.0,-2.05,1.5,2,right_TAI_boundary
30,-1.22,0.03,0.03,0.0,100000,1,100000,1644362528,0.00292255860791118,342.16593545568725,11.405531181856242,4.980358272943519e-05,2839.1592197995633,1.0,-2.05,1.5,1,right_TAI_boundary
20,-1.08,0.03,0.03,0.0,100000,1,100000,478516377,0.0028343377924055528,352.81609788340796,17.640804894170397,4.8324447150083216e-05,719.7994443997741,1.0,-2.05,1.5,3,right_TAI_boundary
30,-1.2025,0.03,0.03,0.0,100000,1,100000,2245289630,0.0021143043471192227,472.96880478088116,15.765626826029372,3.766974314256544e-05,2845.0152320005,1.0,-2.05,1.5,3,right_TAI_boundary
30,-1.22,0.03,0.03,0.0,100000,1,100000,242262633,0.002957836408144177,338.08495873760165,11.269498624586722,6.0090186546180036e-05,2893.5701158000156,1.0,-2.05,1.5,2,right_TAI_boundary
30,-1.22,0.03,0.03,0.0,100000,1,100000,4244478097,0.0029677832086987903,336.95183565596255,11.231727855198752,4.135546730177353e-05,2902.0014537991956,1.0,-2.05,1.5,0,right_TAI_boundary
30,-1.185,0.03,0.03,0.0,100000,1,100000,3482713444,0.0013691877853321214,730.360006649805,24.3453335549935,9.516035819157054e-05,2902.024588700384,1.0,-2.05,1.5,0,right_TAI_boundary
30,-1.22,0.03,0.03,0.0,100000,1,100000,1746307500,0.0029553566242695225,338.3686394352393,11.27895464784131,3.65180305820223e-05,2900.2570775998756,1.0,-2.05,1.5,3,right_TAI_boundary
30,-1.22,0.03,0.03,0.0,100000,1,100000,1644362528,0.00292255860791118,342.16593545568725,11.405531181856242,4.980358272943519e-05,2898.7390526002273,1.0,-2.05,1.5,1,right_TAI_boundary
30,-1.185,0.03,0.03,0.0,100000,1,100000,1220774852,0.0013831904005656842,722.9662666766841,24.09887555588947,7.197712658013611e-05,2901.323640800081,1.0,-2.05,1.5,1,right_TAI_boundary
30,-1.1966666666666668,0.03,0.03,0.0,100000,1,100000,292794248,0.001852346198264042,539.8558870567322,17.995196235224405,5.943377267314531e-05,2914.6630221996456,1.0,-2.05,1.5,0,right_TAI_boundary
30,-1.22,0.03,0.03,0.0,100000,1,100000,242262633,0.002957836408144177,338.08495873760165,11.269498624586722,6.0090186546180036e-05,2915.1520302994177,1.0,-2.05,1.5,2,right_TAI_boundary
30,-1.185,0.03,0.03,0.0,100000,1,100000,1250640103,0.001466381816103576,681.9506277411218,22.731687591370726,6.048291665772254e-05,2916.8764335000888,1.0,-2.05,1.5,2,right_TAI_boundary
30,-1.1966666666666668,0.03,0.03,0.0,100000,1,100000,3246154490,0.0019135274055962633,522.5950760231708,17.419835867439026,5.744792269513077e-05,2911.2427226994187,1.0,-2.05,1.5,1,right_TAI_boundary
30,-1.22,0.03,0.03,0.0,100000,1,100000,1746307500,0.0029553566242695225,338.3686394352393,11.27895464784131,3.65180305820223e-05,2907.3419794999063,1.0,-2.05,1.5,3,right_TAI_boundary
30,-1.185,0.03,0.03,0.0,100000,1,100000,2994207363,0.0013091547136615655,763.8516590625925,25.461721968753082,5.545306210508194e-05,2909.03258309979,1.0,-2.05,1.5,3,right_TAI_boundary
30,-1.1966666666666668,0.03,0.03,0.0,100000,1,100000,1517178638,0.0020424971026337486,489.5967777435401,16.319892591451335,6.498562896872784e-05,2906.6159656001255,1.0,-2.05,1.5,2,right_TAI_boundary
30,-1.2025,0.03,0.03,0.0,100000,1,100000,292794248,0.002105303194015304,474.99096702207856,15.833032234069286,5.695326599430839e-05,2905.8798938998953,1.0,-2.05,1.5,0,right_TAI_boundary
30,-1.1675,0.03,0.03,0.0,100000,1,100000,2134991859,0.0007909888691197956,1264.2402934352158,42.141343114507194,0.00010251518192616604,2905.792018399574,1.0,-2.05,1.5,0,right_TAI_boundary
30,-1.1966666666666668,0.03,0.03,0.0,100000,1,100000,4253155044,0.0018971397930922123,527.10928506226,17.570309502075336,4.506208176446869e-05,2903.809907699935,1.0,-2.05,1.5,3,right_TAI_boundary
30,-1.2025,0.03,0.03,0.0,100000,1,100000,3246154490,0.0021660118410061218,461.6779931985486,15.389266439951621,4.7580526756130226e-05,2901.8027994995937,1.0,-2.05,1.5,1,right_TAI_boundary
30,-1.1675,0.03,0.03,0.0,100000,1,100000,3981901994,0.000323817242914907,3088.161677242064,102.93872257473546,7.052463254986208e-05,2902.235981299542,1.0,-2.05,1.5,1,right_TAI_boundary
30,-1.1733333333333333,0.03,0.03,0.0,100000,1,100000,2373399128,0.0009312609202091328,1073.8129113969806,35.793763713232686,4.895996899023647e-05,2903.9679025001824,1.0,-2.05,1.5,0,right_TAI_boundary
30,-1.2025,0.03,0.03,0.0,100000,1,100000,1517178638,0.0022976927493441953,435.21919990626196,14.507306663542066,6.503198833440749e-05,2902.7717532999814,1.0,-2.05,1.5,2,right_TAI_boundary
30,-1.1675,0.03,0.03,0.0,100000,1,100000,3036166065,0.0007025205503255311,1423.4459042324443,47.44819680774814,4.4607226314496984e-05,2905.1824462004006,1.0,-2.05,1.5,2,right_TAI_boundary
30,-1.1733333333333333,0.03,0.03,0.0,100000,1,100000,2636321582,0.0008720248810582881,1146.756270057801,38.2252090019267,7.761433263264728e-05,2910.273691000417,1.0,-2.05,1.5,1,right_TAI_boundary
30,-1.2025,0.03,0.03,0.0,100000,1,100000,4253155044,0.0021506371612251443,464.97848081000063,15.499282693666688,4.652473731781015e-05,2910.0055071990937,1.0,-2.05,1.5,3,right_TAI_boundary
30,-1.1675,0.03,0.03,0.0,100000,1,100000,1868645373,0.0007673177696726289,1303.241029367329,43.441367645577635,5.830988767274725e-05,2913.9315806003287,1.0,-2.05,1.5,3,right_TAI_boundary
30,-1.1733333333333333,0.03,0.03,0.0,100000,1,100000,4253659059,0.000848602335626927,1178.408257928284,39.280275264276135,5.4936858343457295e-05,2910.9608474997804,1.0,-2.05,1.5,2,right_TAI_boundary
30,-1.185,0.03,0.03,0.0,100000,1,100000,2373399128,0.0014322918828009997,698.1817128254565,23.272723760848553,5.0104799531824895e-05,2908.1021040994674,1.0,-2.05,1.5,0,right_TAI_boundary
30,-1.15,0.03,0.03,0.0,100000,1,100000,287192172,8.772461939000419e-05,11399.308506021804,379.9769502007268,5.1981984658056035e-05,2905.5481985993683,1.0,-2.05,1.5,0,right_TAI_boundary
30,-1.1733333333333333,0.03,0.03,0.0,100000,1,100000,3403755300,0.001058484787788327,944.7466903038548,31.491556343461827,4.9376210914164886e-05,2905.1642803000286,1.0,-2.05,1.5,3,right_TAI_boundary
30,-1.185,0.03,0.03,0.0,100000,1,100000,2636321582,0.0013676926535629277,731.1584202744201,24.37194734248067,6.398234263038649e-05,2901.921919999644,1.0,-2.05,1.5,1,right_TAI_boundary
30,-1.15,0.03,0.03,0.0,100000,1,100000,4206962777,1.756921672119158e-05,56917.733776590234,1897.257792553008,6.794384291541888e-05,2900.604560399428,1.0,-2.05,1.5,1,right_TAI_boundary
30,-1.15,0.03,0.03,0.0,100000,1,100000,3598173011,0.00012510940538068975,7993.004178679815,266.4334726226605,5.060845798721125e-05,2896.0124196996912,1.0,-2.05,1.5,0,right_TAI_boundary
30,-1.185,0.03,0.03,0.0,100000,1,100000,4253659059,0.0013463113219536658,742.7702520906347,24.759008403021156,5.538079219524761e-05,2894.1059093000367,1.0,-2.05,1.5,2,right_TAI_boundary
30,-1.15,0.03,0.03,0.0,100000,1,100000,1536205615,7.786414557946691e-05,12842.881567093238,428.09605223644127,4.449875202516829e-05,2895.040303300135,1.0,-2.05,1.5,2,right_TAI_boundary
30,-1.15,0.03,0.03,0.0,100000,1,100000,638669710,0.00013839580906679222,7225.652328224641,240.85507760748803,4.885633884599283e-05,2899.242638300173,1.0,-2.05,1.5,1,right_TAI_boundary
30,-1.185,0.03,0.03,0.0,100000,1,100000,3403755300,0.0015587026437730504,641.5591864137504,21.38530621379168,5.0903862189422e-05,2898.003841199912,1.0,-2.05,1.5,3,right_TAI_boundary
30,-1.15,0.03,0.03,0.0,100000,1,100000,3701149131,0.00019551223160477622,5114.769504659323,170.49231682197743,5.4190068109361e-05,2899.0795863000676,1.0,-2.05,1.5,3,right_TAI_boundary
30,-1.15,0.03,0.03,0.0,100000,1,100000,3806476145,1.752792793195091e-05,57051.809197431874,1901.7269732477291,0.00010310551549019831,2905.304878800176,1.0,-2.05,1.5,2,right_TAI_boundary
30,-1.1675,0.03,0.03,0.0,100000,1,100000,3598173011,0.0008538216109694281,1171.2048361771976,39.040161205906585,4.879124392265233e-05,2905.9554544994608,1.0,-2.05,1.5,0,right_TAI_boundary
30,-1.1325,0.03,0.03,0.0,100000,1,100000,3100208166,0.00038984226411200185,2565.1400375427215,85.50466791809072,4.931369006921926e-05,2909.5965029001236,1.0,-2.05,1.5,0,right_TAI_boundary
30,-1.15,0.03,0.03,0.0,100000,1,100000,2441140766,7.467832675631494e-05,13390.766015193802,446.3588671731267,5.3931646860405635e-05,2911.9916225001216,1.0,-2.05,1.5,3,right_TAI_boundary
30,-1.1675,0.03,0.03,0.0,100000,1,100000,638669710,0.0008668073645009152,1153.6588646495563,38.45529548831855,4.9847842507166895e-05,2908.3929567998275,1.0,-2.05,1.5,1,right_TAI_boundary
30,-1.1325,0.03,0.03,0.0,100000,1,100000,2271130339,0.0002836804114174675,3525.0935903656314,117.50311967885438,8.480204805527691e-05,2907.8703899001703,1.0,-2.05,1.5,1,right_TAI_boundary
30,-1.1266666666666667,0.03,0.03,0.0,100000,1,100000,2419835285,0.0007706823595794897,1297.5514329219027,43.25171443073009,6.0611040205049704e-05,2903.778682999313,1.0,-2.05,1.5,0,right_TAI_boundary
30,-1.1675,0.03,0.03,0.0,100000,1,100000,3806476145,0.0006571301227062926,1521.7686200134135,50.72562066711378,6.150197354126696e-05,2904.0701596001163,1.0,-2.05,1.5,2,right_TAI_boundary
30,-1.1325,0.03,0.03,0.0,100000,1,100000,3572658000,0.0007687249112237983,1300.8554625971667,43.36184875323889,6.729704668484437e-05,2903.4267961001024,1.0,-2.05,1.5,2,right_TAI_boundary
30,-1.1266666666666667,0.03,0.03,0.0,100000,1,100000,3092667470,0.0009633185370456343,1038.078228066557,34.60260760221856,5.437202555969023e-05,2906.7797584002838,1.0,-2.05,1.5,1,right_TAI_boundary
30,-1.1675,0.03,0.03,0.0,100000,1,100000,2441140766,0.0006525864881744779,1532.3639366137725,51.07879788712575,6.695591346983498e-05,2904.531944000162,1.0,-2.05,1.5,3,right_TAI_boundary
30,-1.1325,0.03,0.03,0.0,100000,1,100000,1567629061,0.0006178971276905414,1618.3923750181689,53.94641250060563,5.857700138633959e-05,2904.8798015005887,1.0,-2.05,1.5,3,right_TAI_boundary
30,-1.1266666666666667,0.03,0.03,0.0,100000,1,100000,2062222328,0.0008814618945655157,1134.4789901472864,37.81596633824288,5.173662360735687e-05,2907.706607699394,1.0,-2.05,1.5,2,right_TAI_boundary
30,-1.15,0.03,0.03,0.0,100000,1,100000,2419835285,2.17775091428136e-05,45918.933769796706,1530.6311256598901,5.830608365942069e-05,2905.314096699469,1.0,-2.05,1.5,0,right_TAI_boundary
30,-1.115,0.03,0.03,0.0,100000,1,100000,181279972,0.001106950305038403,903.38292102942,30.112764034314,5.057456071477784e-05,2907.2458443008363,1.0,-2.05,1.5,0,right_TAI_boundary
30,-1.1266666666666667,0.03,0.03,0.0,100000,1,100000,2855414386,0.0009550002971916033,1047.1200929892154,34.90400309964051,7.419497074878656e-05,2906.963191700168,1.0,-2.05,1.5,3,right_TAI_boundary
30,-1.15,0.03,0.03,0.0,100000,1,100000,3092667470,7.071184816926128e-06,141419.0161748175,4713.96720582725,5.1773253996412194e-05,2905.0614680005237,1.0,-2.05,1.5,1,right_TAI_boundary
30,-1.115,0.03,0.03,0.0,100000,1,100000,2416655483,0.001315680489489505,760.0629544852553,25.335431816175177,6.855296352459295e-05,2916.5513444999233,1.0,-2.05,1.5,1,right_TAI_boundary
30,-1.1033333333333335,0.03,0.03,0.0,100000,1,100000,2231561535,0.001649355794887853,606.2973211113582,20.20991070371194,7.513230380007396e-05,2928.60110040009,1.0,-2.05,1.5,0,right_TAI_boundary
30,-1.15,0.03,0.03,0.0,100000,1,100000,2062222328,9.206979160045905e-05,10861.325768386056,362.0441922795352,5.16376390710116e-05,2926.9777691997588,1.0,-2.05,1.5,2,right_TAI_boundary
30,-1.115,0.03,0.03,0.0,100000,1,100000,1964206820,0.0012323757595728007,811.4408225188128,27.04802741729376,6.091294379229062e-05,2911.9058019006625,1.0,-2.05,1.5,2,right_TAI_boundary
30,-1.1033333333333335,0.03,0.03,0.0,100000,1,100000,1513108546,0.001726797225923714,579.106790877007,19.303559695900233,4.709578612449583e-05,2886.705358199775,1.0,-2.05,1.5,1,right_TAI_boundary
30,-1.15,0.03,0.03,0.0,100000,1,100000,2855414386,1.6022224414090172e-05,62413.30630225013,2080.4435434083375,5.636493415006605e-05,2881.146322400309,1.0,-2.05,1.5,3,right_TAI_boundary
30,-1.115,0.03,0.03,0.0,100000,1,100000,2317706797,0.001112796804668825,898.6366565795505,29.95455521931835,4.4149742998600416e-05,2883.4560006996617,1.0,-2.05,1.5,3,right_TAI_boundary
30,-1.1033333333333335,0.03,0.03,0.0,100000,1,100000,1064835912,0.0016686620623174667,599.282516563709,19.976083885456966,5.4383187768736185e-05,2902.969975700602,1.0,-2.05,1.5,2,right_TAI_boundary
30,-1.1325,0.03,0.03,0.0,100000,1,100000,2231561535,0.0004491397505010919,2226.478504484027,74.21595014946756,4.605483277086986e-05,2900.527717899531,1.0,-2.05,1.5,0,right_TAI_boundary
30,-1.0975000000000001,0.03,0.03,0.0,100000,1,100000,1520033998,0.002015281227858227,496.20866119155306,16.540288706385102,6.701118426999386e-05,2906.0841821003705,1.0,-2.05,1.5,0,right_TAI_boundary
30,-1.1033333333333335,0.03,0.03,0.0,100000,1,100000,3116903611,0.001747374151611726,572.287279789294,19.076242659643132,5.129393264680093e-05,2910.663154700771,1.0,-2.05,1.5,3,right_TAI_boundary
30,-1.1325,0.03,0.03,0.0,100000,1,100000,1513108546,0.0005294056361941703,1888.910755066517,62.96369183555056,5.030482465928632e-05,2911.90573619958,1.0,-2.05,1.5,1,right_TAI_boundary
30,-1.0975000000000001,0.03,0.03,0.0,100000,1,100000,3982634887,0.0018382076605300546,544.0081778963134,18.133605929877113,4.7006282158257306e-05,2911.5659696999937,1.0,-2.05,1.5,1,right_TAI_boundary
