boundary,L,h,h_index,n,mean_B,std_B,P_absB1,mean_gap,std_gap,mean_E0,mean_Wimp_over_fmask,std_Wimp_over_fmask,mean_L2IPR,std_L2IPR,mean_runtime_sec
left_impurity_boundary,16,-3.49,0,300,0.0233333333333331,0.1512121222276314,0.0233333333333333,0.0275271539939076,0.0155258927398154,-0.0090454137910244,3.1013401826321725,0.2292135941593852,8.994938293240459,1.8282457077702476,1.1708792066574096
left_impurity_boundary,16,-3.485,1,300,0.05,0.218309099389499,0.05,0.0247952020960406,0.0151657644570459,-0.0093425893770301,3.1073279201230632,0.2250405906352905,9.165530261261589,2.091988152112635,1.17450470050176
left_impurity_boundary,16,-3.48,2,300,0.043333333333333,0.2039465687344375,0.0433333333333333,0.0238374404267718,0.0147389047134473,-0.0078792348767102,3.1017207578634225,0.2538234798023888,9.325967502220823,1.8591835423946363,1.1810448638598123
left_impurity_boundary,16,-3.475,3,300,0.073333333333333,0.2611184245913958,0.0733333333333333,0.0202413496018439,0.0151192882109899,-0.0073284275652725,3.1159008178886425,0.2182261535737683,9.10130844210176,1.7715908090993429,1.1782795612017314
left_impurity_boundary,16,-3.47,4,300,0.0966666666666664,0.2959970773304743,0.0966666666666666,0.018960855928312,0.0150308689765674,-0.0075521280708504,3.1126803202209823,0.2176100477368624,9.201480497996764,1.9105768396403893,1.1771040805180868
left_impurity_boundary,16,-3.465,5,300,0.0733333333333331,0.2611184245913959,0.0733333333333333,0.0149800901854813,0.0133563777940264,-0.0059331833066772,3.0896791451362344,0.2004894307702953,9.162000153686822,1.7937540693603569,1.1762905184427896
left_impurity_boundary,16,-3.46,6,300,0.2066666666666664,0.4055908059796306,0.2066666666666666,0.0139811423678336,0.0137264918633449,-0.0046470177521279,3.096008835700576,0.2285351240148821,9.11232647001262,1.918912293845553,1.1750886583328246
left_impurity_boundary,16,-3.455,7,300,0.2999999999999997,0.459023246837373,0.3,0.0126325105498738,0.0138015173349648,-0.0045584916670555,3.101790777068424,0.2398843878411655,9.229778847527244,1.986634002549564,1.1741394559542335
left_impurity_boundary,16,-3.45,8,300,0.3366666666666665,0.4733593975897281,0.3366666666666666,0.012100151730256,0.0122480503136513,-0.0048649593054841,3.123410205956296,0.2309085068784212,9.393635907562524,2.0267582768215378,1.1739160370826722
left_impurity_boundary,16,-3.445,9,300,0.5066666666666664,0.5007909017876289,0.5066666666666667,0.0136745137507907,0.0139818838100515,-0.0057725737891383,3.111111454659758,0.2487159468161885,9.278136547585571,2.046444520804608,1.1763167746861776
left_impurity_boundary,16,-3.44,10,300,0.6366666666666664,0.4817632978334422,0.6366666666666667,0.0149187575971909,0.0145325475304654,-0.0049228545409205,3.099439133435134,0.2371472670771381,9.327234869579137,2.014067210774949,1.180179299513499
left_impurity_boundary,16,-3.435,11,300,0.6466666666666665,0.4788037862995707,0.6466666666666666,0.0155505629853792,0.0111377328611763,-0.0069168194297656,3.094170556101588,0.2415036625594279,9.55174159532131,2.2131632383462705,1.1772369734446209
left_impurity_boundary,16,-3.43,12,300,0.7566666666666668,0.4298116047846785,0.7566666666666667,0.018524320115882,0.0149030480639774,-0.0080428435114423,3.10323553814126,0.2207945909321238,9.252594086538314,1.8676702902630484,1.1730666621526082
left_impurity_boundary,16,-3.425,13,300,0.7633333333333333,0.4257461153528187,0.7633333333333333,0.0209992743844803,0.0133335971924984,-0.0077530457720183,3.1000324845319738,0.2477996971006419,9.551731883131442,2.0030998738626926,1.1658444412549336
left_impurity_boundary,16,-3.42,14,300,0.793333333333333,0.4055908059796305,0.7933333333333333,0.0225736772167745,0.0138551698244987,-0.0083353871991625,3.1135555290981243,0.2446911836633413,9.412018827860305,2.0022286986229747,1.010614863236745
left_impurity_boundary,16,-3.415,15,300,0.8166666666666668,0.3875860748793185,0.8166666666666667,0.0271094806001929,0.0158707999855615,-0.0109438030687495,3.109883378059815,0.2296705502324039,9.51486903593018,2.066014223538325,0.9388297080993652
left_impurity_boundary,16,-3.41,16,300,0.8299999999999998,0.3762604235825434,0.83,0.0280324936318853,0.0147773341441451,-0.0116058463453083,3.1062497412720904,0.2509842595541288,9.643464821279313,2.1685163541598445,0.9492416254679362
left_impurity_boundary,16,-3.405,17,300,0.8633333333333333,0.3440690345808725,0.8633333333333333,0.0314858580394215,0.014526125921965,-0.0108517028227317,3.100553340105891,0.2394367457472573,9.434989785630885,1.9316551622113316,0.9192981092135112
left_impurity_boundary,16,-3.4,18,300,0.8699999999999998,0.3368653453081292,0.87,0.0355755415602173,0.0155810889472321,-0.0142285794793942,3.092017845124535,0.2250647491153023,9.545611721769196,1.976731072094854,0.8450815590222677
left_impurity_boundary,18,-3.49,0,200,0.0100000000000001,0.099748427274411,0.01,0.0267880254156957,0.012730637130277,-0.0081562492116304,3.142281642128415,0.2022885273568303,9.834043020355546,2.015821266307914,1.3663857185840609
left_impurity_boundary,18,-3.485,1,200,0.0099999999999997,0.0997484272744118,0.01,0.0254770474218364,0.0124948235324771,-0.0082475871506246,3.123769454887463,0.1882652943953938,10.03920723955536,2.4758020401084737,1.259924340248108
left_impurity_boundary,18,-3.48,2,200,0.075,0.2640523018086609,0.075,0.0235536911745909,0.0134533232166262,-0.0074523313979969,3.161016675059451,0.190818154782809,9.581095252042346,1.9227401412897325,1.1085714709758758
left_impurity_boundary,18,-3.475,3,200,0.0649999999999996,0.2471444962163838,0.065,0.0196054627929256,0.0137131144522317,-0.0052073346181481,3.163788257754454,0.2122124974672507,9.448399950804498,2.0688060914055586,1.1128914225101472
left_impurity_boundary,18,-3.47,4,200,0.0999999999999999,0.3007528242702514,0.1,0.0174686175237218,0.0131254491411692,-0.0053999475378526,3.1490097458076263,0.2120737536132191,9.68355719248499,2.13018002633226,1.1080722939968108
left_impurity_boundary,18,-3.465,5,200,0.1099999999999996,0.3136749269530399,0.11,0.013591700813876,0.0110539914332892,-0.003683770547883,3.180378278942724,0.2395392275020683,9.985192281831878,2.3757843537764307,1.108288015127182
left_impurity_boundary,18,-3.46,6,200,0.1599999999999996,0.3675260220507141,0.16,0.0128208743753983,0.0130992849904393,-0.0043203199416857,3.146419226886776,0.2231640385396078,9.92572145794785,2.107002541928107,1.1126761174201965
left_impurity_boundary,18,-3.455,7,200,0.2449999999999996,0.4311664674033283,0.245,0.0121999546880157,0.0141020916894415,-0.0030904555416824,3.1781060635130727,0.2434553691228791,9.827352566575597,2.2028787721350285,1.1069605505466462
left_impurity_boundary,18,-3.45,8,200,0.3749999999999998,0.4853377832181371,0.375,0.0118647662545189,0.0113720415641237,-0.0031272801507607,3.140411798516181,0.2123882488999553,9.626933026052402,1.899980570821783,1.1078502118587494
left_impurity_boundary,18,-3.445,9,200,0.4249999999999997,0.4955835096887071,0.425,0.0105408084939703,0.0094100558094073,-0.0039270657909824,3.1435659636857864,0.2081856611623602,10.23474608331414,2.377998544065175,1.1127561056613922
left_impurity_boundary,18,-3.44,10,200,0.6450000000000002,0.4797141108417631,0.645,0.0140852861686396,0.0113114986742172,-0.0037570042574008,3.1288100088698854,0.1922787266424843,9.801754527180671,2.03293294690744,1.1089283788204194
left_impurity_boundary,18,-3.435,11,200,0.7299999999999998,0.4450735357907798,0.73,0.0159351752162981,0.0124742517412083,-0.0052676329250816,3.144267539551491,0.2016489492412393,10.08386138884708,2.292159950708308,1.1026250767707824
left_impurity_boundary,18,-3.43,12,200,0.7750000000000001,0.4186302142480964,0.775,0.0172386243742268,0.0114244046956554,-0.0057458945069741,3.1423703680578456,0.2202080092093591,9.858324446984042,1.916565610631083,1.1017608892917634
left_impurity_boundary,18,-3.425,13,200,0.77,0.4218885513364207,0.77,0.0181779876722884,0.0112077577613724,-0.0059829010397249,3.137151350269857,0.2198481137418214,9.758205659167093,1.9925291873765347,1.1015741884708403
left_impurity_boundary,18,-3.42,14,200,0.7950000000000006,0.4047146770865199,0.795,0.021478014621291,0.0129730037799258,-0.0076906415398248,3.1467551045701065,0.2002439571360728,9.951422658955035,1.9695040982471423,1.1016103303432463
left_impurity_boundary,18,-3.415,15,200,0.8800000000000003,0.3257769992899001,0.88,0.0252754110663773,0.0136556285580065,-0.0065892499701425,3.139140720969813,0.2016478747706746,10.1142993405487,2.3106075960786776,1.1016945457458496
left_impurity_boundary,18,-3.41,16,200,0.875,0.3315488246330818,0.875,0.0277972950254254,0.0146309822524467,-0.0084455574628983,3.1437556461222527,0.2129845553584617,10.373821210022324,2.343802120790037,1.1017080199718476
left_impurity_boundary,18,-3.405,17,200,0.9249999999999996,0.2640523018086613,0.925,0.0297061558226546,0.014328525498187,-0.0099407364847177,3.1332016742639803,0.208222877107249,10.224043644228471,2.285465238602305,1.1015272426605225
left_impurity_boundary,18,-3.4,18,200,0.9349999999999996,0.2471444962163839,0.935,0.0327723992643059,0.0142648565390401,-0.0091276714329009,3.149771060429091,0.2326172465419912,9.961665449265308,2.328509941108916,1.1013476479053497
left_impurity_boundary,20,-3.49,0,300,-3.338698928125174e-16,3.895262876456553e-15,0.0,0.0271899920983637,0.0127696303730041,-0.0025253474034862,3.227857135383198,0.2175629191798525,10.096127508304484,2.1984384738305582,2.228920971552531
left_impurity_boundary,20,-3.485,1,300,0.0066666666666665,0.0815130058495631,0.0066666666666666,0.0243736170146976,0.0130858319102204,-0.0023436755894455,3.234186022208754,0.1834383029640224,10.244214544850378,2.345991430989917,2.226465496222178
left_impurity_boundary,20,-3.48,2,300,0.0333333333333331,0.1798054194170135,0.0333333333333333,0.020580111903402,0.0119117531120216,-0.0009463019523997,3.225065210056981,0.1917020641014276,10.49550294525914,2.260397826164032,2.2145660742123923
left_impurity_boundary,20,-3.475,3,300,0.0366666666666663,0.188256093512812,0.0366666666666666,0.0190756996607921,0.0117628302247786,-0.0013688208940454,3.208945139710882,0.1708101961209411,10.23711629869278,2.218480002160868,2.234913307825724
left_impurity_boundary,20,-3.47,4,300,0.0466666666666662,0.2112763147146891,0.0466666666666666,0.0152940924629536,0.010894707558317,-0.0005020026273759,3.227855428388876,0.1880298872541701,10.37604521508286,2.2712039635772925,2.247753385702769
left_impurity_boundary,20,-3.465,5,300,0.1066666666666665,0.3092047555018717,0.1066666666666666,0.0133864254828445,0.0115907419276899,-0.0002880072143011,3.240966741415107,0.2049435622952134,10.347505908143352,2.333149909319622,2.212662759621938
left_impurity_boundary,20,-3.46,6,300,0.1966666666666668,0.3981422858999379,0.1966666666666666,0.0123034387917266,0.0112877782735156,-0.000334692664381,3.238121721550668,0.1897123998632745,10.590060045130269,2.39659543334534,2.391155461470286
left_impurity_boundary,20,-3.455,7,300,0.3,0.4590232468373731,0.3,0.0107482102232136,0.009680198020007,0.0001452553530552,3.2177754108736294,0.191231526785438,10.413223583227328,2.225015197627345,2.560563116073608
left_impurity_boundary,20,-3.45,8,300,0.3666666666666657,0.482699580663582,0.3666666666666666,0.0107798952007007,0.0106323315853392,-0.0008270370644828,3.211422719368444,0.1884071998609855,10.256915239997772,1.9243344109044205,2.5802383907636006
left_impurity_boundary,20,-3.445,9,300,0.5100000000000003,0.5007352453674266,0.51,0.0104299209798093,0.0103974936701643,-0.000686648270439,3.21484595786131,0.2067012452332063,10.24776186771486,2.112231722442921,2.5849101686477662
left_impurity_boundary,20,-3.44,10,300,0.6033333333333335,0.490023092305042,0.6033333333333334,0.0125510088918657,0.010626731206391,-0.0002059179257427,3.228683497722856,0.1916848121074535,10.598214470300888,2.3096311642989127,2.5806742628415424
left_impurity_boundary,20,-3.435,11,300,0.7233333333333336,0.448097676085545,0.7233333333333334,0.0140458711039196,0.010278987409593,-0.0003497089567444,3.2186010760809203,0.1917248515467155,10.455924074258691,2.2200681617940856,2.577435936133067
left_impurity_boundary,20,-3.43,12,300,0.7366666666666665,0.4411776072733295,0.7366666666666667,0.0161013203501986,0.0115464201611058,-0.0004233894156384,3.2450731080590307,0.2089021525097706,10.517634254725928,2.2719173089539466,2.581522301038106
left_impurity_boundary,20,-3.425,13,300,0.82,0.3848293719103961,0.82,0.0181146113323038,0.011821981746768,-0.0001619515908596,3.216693623547824,0.1918882713971564,10.68240429967862,2.482569538422249,2.599867738087972
left_impurity_boundary,20,-3.42,14,300,0.8533333333333333,0.3543644113182337,0.8533333333333334,0.0213251350271509,0.0105886571143463,-0.001398471989422,3.200125569714388,0.1888510568266703,10.497901532327612,2.2526536255976146,2.573454489707947
left_impurity_boundary,20,-3.415,15,300,0.8733333333333327,0.3331549132304486,0.8733333333333333,0.0227097267181027,0.0119805069470826,-0.0003401377122143,3.2143985506405643,0.1707554177183339,10.525618932122656,2.257177564208791,2.5761923599243164
left_impurity_boundary,20,-3.41,16,300,0.91,0.2866599257717732,0.91,0.0267282070590402,0.0125467460827872,-0.0012592289718712,3.210081767817661,0.1965469604191978,10.523849191158728,2.15248188747007,2.578612473805745
left_impurity_boundary,20,-3.405,17,300,0.8966666666666666,0.3049023456071548,0.8966666666666666,0.0280199052000595,0.0136591878930881,-0.0015511951798329,3.2205570958823,0.212957652496574,10.649078235035804,2.3885393594666224,2.576682823499044
left_impurity_boundary,20,-3.4,18,300,0.9466666666666668,0.2250727616773125,0.9466666666666668,0.0318729427173593,0.0132816325049626,-0.0027090623304921,3.2011980094428685,0.1982767307150424,10.801296334760146,2.343889190167429,2.5734904479980467
left_impurity_boundary,22,-3.49,0,200,1.9415740227364616e-16,4.8074644374661545e-15,0.0,0.0335742711798525,0.0149971402195829,-0.0041687655754419,3.152808408067304,0.1632972985091361,9.392758205647306,1.698336148274681,2.279076586961746
left_impurity_boundary,22,-3.485,1,200,0.0049999999999997,0.0707106781186548,0.005,0.032930475484538,0.0171182430184704,-0.0046827895418985,3.1782319058304966,0.1671835579680567,9.534761624908604,2.07735697026828,2.279477332830429
left_impurity_boundary,22,-3.48,2,200,0.015,0.1218574832792628,0.015,0.0293445188940096,0.0154499590398499,-0.0032013808221945,3.1831565215799635,0.162749824020165,9.33394307674708,1.922027485737452,2.276876699924469
left_impurity_boundary,22,-3.475,3,200,0.0249999999999999,0.1565167321316986,0.025,0.0273775539894617,0.0165941927769099,-0.0039524021296421,3.175364300554486,0.1665546533730689,9.579325024386767,2.26353360768746,2.276651278734207
left_impurity_boundary,22,-3.47,4,200,0.06,0.2380827946018508,0.06,0.0265222965087087,0.0159217272994568,-0.0037897393680572,3.169031020838787,0.1639250149248293,9.397961558957384,2.079046229038965,2.276639088392258
left_impurity_boundary,22,-3.465,5,200,0.049999999999999,0.2184918613297452,0.05,0.026613417658737,0.015812211499174,-0.0026210040872503,3.1457053174413563,0.1574135241008758,8.983297294548969,1.915945587627576,2.285364314317704
left_impurity_boundary,22,-3.46,6,200,0.0800000000000007,0.271973986341031,0.08,0.0244751816424344,0.0164293133573322,-0.0019444015300742,3.1473491329421908,0.167551417556963,8.86095119682909,1.719805344260387,2.284497164487839
left_impurity_boundary,22,-3.455,7,200,0.2100000000000001,0.4083303421761707,0.21,0.0233808056558917,0.015409299028509,-0.0052040907101767,3.171764669218313,0.1595774604601184,8.866126858169144,1.5058335443213815,2.286575173139572
left_impurity_boundary,22,-3.45,8,200,0.275,0.4476347667709806,0.275,0.0243575818112614,0.0163426209174966,-0.001929401808597,3.1534860633947277,0.1735096317070635,9.079991570991064,2.0936185590847645,2.2859604787826537
left_impurity_boundary,22,-3.445,9,200,0.43,0.4963181019179709,0.43,0.0239993429058261,0.0161689663143599,-0.0038227346377666,3.1407259800201346,0.158427026526404,8.946233675609541,1.510264930533172,2.28893381357193
left_impurity_boundary,22,-3.44,10,200,0.5800000000000005,0.4947970499134113,0.58,0.0265565465392629,0.0171209742300396,-0.0060670983364576,3.1396916902319214,0.1613326043759726,9.177877011242046,1.641427466458326,2.2857388365268707
left_impurity_boundary,22,-3.435,11,200,0.6549999999999996,0.4765611742093758,0.655,0.0253805237370906,0.014723574456396,-0.0043830607641529,3.120200338470182,0.1672891370146879,9.241305205341185,1.6232439366322948,2.2858851730823515
left_impurity_boundary,22,-3.43,12,200,0.739999999999999,0.439734959004688,0.74,0.0265087838900581,0.0162437535719191,-0.0030089971086007,3.1311205989847206,0.1743918777643335,9.501478129621075,1.8151881420005755,2.2856186175346376
left_impurity_boundary,22,-3.425,13,200,0.8450000000000002,0.3628128523483502,0.845,0.0275166957242399,0.0146544980958295,-0.0054654708001789,3.1192850182707663,0.1726164461461076,9.860757205880384,2.350931029890214,2.2893668246269225
left_impurity_boundary,22,-3.42,14,200,0.8900000000000001,0.3136749269530403,0.89,0.030615143043293,0.0155323436333685,-0.0034431712017108,3.1270521139437237,0.1588605150792794,9.87072996085495,1.8272562673540584,2.286194899082184
left_impurity_boundary,22,-3.415,15,200,0.8950000000000001,0.3073226906378781,0.895,0.031106024859095,0.0151976447307821,-0.005217170347452,3.1229974377728498,0.1643852863671592,9.995197643539226,1.8610681234077904,2.285189417600632
left_impurity_boundary,22,-3.41,16,200,0.9000000000000002,0.3007528242702513,0.9,0.0311159594935859,0.0160092955108959,-0.0036635839155027,3.1283344933519084,0.1892704319931416,10.235014386564474,2.1803523701879945,2.2850249862670897
left_impurity_boundary,22,-3.405,17,200,0.9499999999999998,0.2184918613297458,0.95,0.0341537492014015,0.0149340491102354,-0.0045342729411805,3.14174954348128,0.1889070782155112,10.325665693549409,2.254506399635783,2.2857713282108305
left_impurity_boundary,22,-3.4,18,200,0.9699999999999992,0.1710152950930966,0.97,0.0368116644511585,0.0142568920561661,-0.0061802231291935,3.12830544722646,0.1889224393483481,10.705299668592028,2.4702288721088803,2.303193556070328
left_impurity_boundary,24,-3.49,0,200,0.0049999999999993,0.0707106781186545,0.005,0.0317610189369548,0.0134434231716867,-0.01135320421531,3.2853469475553525,0.1641876712126,10.311227928266804,2.25015082239162,4.34891867518425
left_impurity_boundary,24,-3.485,1,200,0.0049999999999994,0.070710678118655,0.005,0.0274558349953321,0.0125868473880037,-0.0095345578518733,3.288364887299956,0.1379699394501018,10.045349104677094,2.1536701911459746,4.321269958019257
left_impurity_boundary,24,-3.48,2,200,0.0099999999999995,0.0997484272744119,0.01,0.0263951712842601,0.012496750793693,-0.0095433781600223,3.269062839218841,0.1459434392568842,9.921341140400925,2.3617292240231103,4.329216159582138
left_impurity_boundary,24,-3.475,3,200,-8.096389075074125e-16,3.3846508587630374e-15,0.0,0.0254506431816938,0.0125585386319299,-0.0088166727878292,3.289894483379596,0.1566311943175155,9.8986299659699,2.1529666976229134,4.327970178127289
left_impurity_boundary,24,-3.47,4,200,0.0399999999999996,0.1964509221768139,0.04,0.0230778646205414,0.0130076740336999,-0.0086808164592522,3.2787287621958243,0.1653215405722525,9.756693565077494,1.879031026803662,4.325916979312897
left_impurity_boundary,24,-3.465,5,200,0.0549999999999997,0.2285523592188945,0.055,0.0218955049531624,0.0139357660021091,-0.007830413344008,3.255203414829609,0.1584816896314803,9.54630525704547,1.9878170763074283,4.330364484786987
left_impurity_boundary,24,-3.46,6,200,0.1599999999999992,0.3675260220507148,0.16,0.0201816909292513,0.0127627639671074,-0.0076724531772933,3.283875902990898,0.1734157848174985,9.70084879257155,1.970492806067784,4.320621086359024
left_impurity_boundary,24,-3.455,7,200,0.1949999999999995,0.397194938406165,0.195,0.0199791342026186,0.0136435748611593,-0.0058852997125888,3.2903600495799257,0.1575861442636717,9.70760283620829,1.954651135102025,4.315313034057617
left_impurity_boundary,24,-3.45,8,200,0.2499999999999994,0.4340993101299248,0.25,0.0211382811881285,0.0142202277559963,-0.0076740427192073,3.2650787868699105,0.1494219028484763,9.70185607500852,2.0549832423709344,4.319104744195938
left_impurity_boundary,24,-3.445,9,200,0.3899999999999991,0.4889739025622276,0.39,0.0180740190007898,0.0129621591461931,-0.0065539288584297,3.239081973680864,0.1460603650599656,9.758640137719397,1.8008413728129842,4.3164940404891965
left_impurity_boundary,24,-3.44,10,200,0.6549999999999991,0.4765611742093755,0.655,0.0185804653147474,0.01170719933708,-0.0064668339320208,3.2463552729850584,0.1634189421945654,9.907381837154729,1.987735211175461,4.324131428003311
left_impurity_boundary,24,-3.435,11,200,0.6749999999999993,0.4695501963950965,0.675,0.0196909672072921,0.0125835656288932,-0.0066691292504577,3.2617747220867184,0.1526187204542658,10.197141938577202,2.1634806770976565,4.323882701396943
left_impurity_boundary,24,-3.43,12,200,0.8149999999999993,0.3892719657470632,0.815,0.0230048946865432,0.0120497597967911,-0.008289578871863,3.2393416789168907,0.1482998623927189,10.019751580648734,1.9790892338498696,4.333742257356644
left_impurity_boundary,24,-3.425,13,200,0.8299999999999994,0.3765754177135447,0.83,0.0242516110747678,0.0132756115792197,-0.008007424970349,3.2541301335161537,0.1540000535759174,10.437115584749034,2.0438162049932465,4.33386962890625
left_impurity_boundary,24,-3.42,14,200,0.8949999999999991,0.3073226906378775,0.895,0.0262071040545315,0.0124891391204894,-0.0097988994710107,3.2514577410751797,0.1747379062353517,10.731336228847097,2.1138026872667,4.328757417201996
left_impurity_boundary,24,-3.415,15,200,0.9249999999999996,0.2640523018086609,0.925,0.0281110814562453,0.0126772747713368,-0.010087782111009,3.2312833312482496,0.1615439728836806,10.781620663063622,2.22453966153271,4.337976934909821
left_impurity_boundary,24,-3.41,16,200,0.9449999999999992,0.2285523592188944,0.945,0.0289717855227022,0.0125978972518218,-0.0103341573966481,3.2496669267564022,0.177328029527764,11.271730379990409,2.4981181197293307,4.347445393800736
left_impurity_boundary,24,-3.405,17,200,0.9749999999999996,0.1565167321316989,0.975,0.0323813112064869,0.0135964136514822,-0.0116804652109924,3.244155988181888,0.1747506690673685,11.354933204764352,2.600276722294669,4.336638278961182
left_impurity_boundary,24,-3.4,18,200,0.98,0.1403513179927839,0.98,0.0340875495274696,0.0132584570420559,-0.011749510822833,3.238675258051784,0.1760242436129984,11.512647316761113,2.983528676336484,4.335647584199905
right_TAI_boundary,16,-1.2,0,300,1.0,2.8749887936057744e-15,1.0,0.011533840742932,0.0012804351200885,0.0012005868906668,1.1109577572615934,0.0120614823717644,1.0478919893990457,0.0028947063584231,0.8419613885879517
right_TAI_boundary,16,-1.195,1,300,1.0,2.7584392711711583e-15,1.0,0.0106529414499071,0.0015427159011878,0.0010984685218991,1.1123524771090365,0.0137729969212057,1.04704122833069,0.0029648174105531,0.8341551423072815
right_TAI_boundary,16,-1.19,2,300,1.0,3.111633292657651e-15,1.0,0.009944763770883,0.0014390717217419,0.0015543230886587,1.1120606041049894,0.0124027620695086,1.0462946204059662,0.0032139888550437,0.8645255931218465
right_TAI_boundary,16,-1.185,3,300,1.0,2.860224927286905e-15,1.0,0.0094137413947449,0.0013238578462042,0.0011741317307394,1.1091626771800869,0.0118599486035524,1.0457197945373349,0.002819159868687,0.8337084992726644
right_TAI_boundary,16,-1.18,4,300,0.9999999999999996,2.892970781465072e-15,1.0,0.0088473345487487,0.0013008201847422,0.0016993164478677,1.1085382154958223,0.0110193531253165,1.0455378127201933,0.0028926841435097,0.8374611449241638
right_TAI_boundary,16,-1.175,5,300,0.9999999999999998,2.736495432300906e-15,1.0,0.0081382868651686,0.0012907405453266,0.0018077560122516,1.1087047293637753,0.0124975894526607,1.0447354869771144,0.0029378637765198,0.8358419648806255
right_TAI_boundary,16,-1.17,6,300,1.0,2.8932058916922107e-15,1.0,0.0076092862080457,0.0011423467864388,0.001717287505308,1.1073558014966205,0.0127440350872028,1.0444286355382266,0.0026629153135375,0.8380061356226604
right_TAI_boundary,16,-1.165,7,300,0.9966666666666664,0.0577350269189625,0.9966666666666668,0.0067501523052997,0.0013642269905278,0.0017699107108005,1.1073549645883474,0.012689199339737,1.043511747278623,0.0029139114140194,0.8314461731910705
right_TAI_boundary,16,-1.16,8,300,0.9999999999999996,3.025111184263094e-15,1.0,0.0061329442060079,0.0012468841073437,0.0017189179126828,1.105382386821732,0.0113055397067325,1.042843899319019,0.0026080572382672,0.8285474896430969
right_TAI_boundary,16,-1.155,9,300,0.9999999999999998,2.7804174945849404e-15,1.0,0.0055198002163294,0.0012346711928212,0.0018902632435312,1.1046154989359491,0.0127720829078223,1.0423403065702592,0.0025649621650745,1.0746452395121258
right_TAI_boundary,16,-1.15,10,300,1.0,2.891010786007476e-15,1.0,0.0048387641781932,0.0012234089138659,0.0015364774332585,1.1047204489381452,0.0119254886721301,1.041863175467108,0.0025198956015504,1.1140180857976278
right_TAI_boundary,16,-1.145,11,300,0.9833333333333332,0.1282329958564096,0.9833333333333332,0.0041844185484211,0.0012036501405902,0.0016199411832871,1.1048927293749955,0.0134813739277532,1.0412211792078745,0.0026293357875065,1.1061543599764505
right_TAI_boundary,16,-1.14,12,300,0.9833333333333328,0.1282329958564095,0.9833333333333332,0.0036502152761023,0.0011440165657028,0.0014661305246272,1.1033691515645188,0.0126477170588907,1.0409203914279463,0.0025786569085594,1.113067753314972
right_TAI_boundary,16,-1.135,13,300,0.9666666666666665,0.1798054194170133,0.9666666666666668,0.00301931137018,0.0010074220265273,0.0013598027438678,1.1024223614772688,0.0123905747644444,1.040283203699004,0.0024043434918899,1.1121221216519674
right_TAI_boundary,16,-1.13,14,300,0.9466666666666664,0.2250727616773126,0.9466666666666668,0.0023805496478425,0.0010533713600684,0.0011687653966353,1.1011779856269015,0.0119830025336608,1.039621079577017,0.0026185077597379,1.1121233773231507
right_TAI_boundary,16,-1.125,15,300,0.93,0.2555733275451651,0.93,0.0017641930370832,0.0009426560699996,0.0008471015187314,1.1005699956977504,0.0126175382050888,1.0389020934438675,0.0023681389518201,1.0109141524632772
right_TAI_boundary,16,-1.12,16,300,0.8333333333333333,0.3733006833947206,0.8333333333333334,0.0012690698405618,0.0007754610673881,0.0006207090103209,1.1008599465757092,0.0119282923827877,1.0384732273478348,0.0024553092981382,0.839596316019694
right_TAI_boundary,16,-1.115,17,300,0.7166666666666662,0.4513697720560998,0.7166666666666667,0.0009696031000741,0.0006199504841942,0.0004745731334806,1.098663585632521,0.0113211371378663,1.0382128026583468,0.0022802171516918,0.8445747582117716
right_TAI_boundary,16,-1.11,18,300,0.5233333333333331,0.50028977110517,0.5233333333333333,0.0008022497868771,0.000652452992047,0.0003931351456768,1.0981498605029263,0.0112033913921631,1.0377430810717996,0.0022717569106727,0.838652229309082
right_TAI_boundary,16,-1.105,19,300,0.2233333333333329,0.4171758315991677,0.2233333333333333,0.0009647178709228,0.0008926886323522,0.0004586885833144,1.0976430340352252,0.0121690001225133,1.0371485565336536,0.0023139979244136,0.842628075281779
right_TAI_boundary,16,-1.1,20,300,0.023333333333333,0.1512121222276319,0.0233333333333333,0.0015151089103992,0.0010079799996199,0.0007206365421783,1.096735794812926,0.0113651989284978,1.0364069578207786,0.0021861178880292,0.8412564388910929
right_TAI_boundary,16,-1.095,21,300,-1.1694428370455207e-16,2.8997434029344784e-15,0.0,0.0021110549770062,0.0009313302590316,0.0010111760609045,1.0961247839011594,0.0112595124026983,1.0359094153423458,0.0020031737179546,0.8438708535830179
right_TAI_boundary,16,-1.09,22,300,-7.5744320747446e-17,3.0118699175005145e-15,0.0,0.0026679294062122,0.0010287517865256,0.0012460031789988,1.095230025145237,0.0119739536026322,1.0356347227687472,0.0021485199717563,0.8458293946584066
right_TAI_boundary,16,-1.085,23,300,-3.604923134795825e-16,2.937409935408993e-15,0.0,0.0033128441657479,0.000967550474204,0.0015029775876599,1.0948791465675247,0.0112654873182795,1.035048726418484,0.0020884406624258,0.8424253837267558
right_TAI_boundary,16,-1.08,24,300,-1.88212268233642e-16,3.122281508073192e-15,0.0,0.0038979016445158,0.0009744786623892,0.0015938351693428,1.0947626042560472,0.0107777645293706,1.0347195961401303,0.0021068427932392,0.8302792390187581
right_TAI_boundary,18,-1.2,0,200,1.0,3.57580893732447e-15,1.0,0.0100556624279534,0.0013690890227977,-0.0028302612307528,1.1131661789895395,0.0123363008012203,1.0475010001188805,0.0028544980947558,1.1004204154014587
right_TAI_boundary,18,-1.195,1,200,1.0,3.4410164298934867e-15,1.0,0.0093160545674955,0.0013331670795247,-0.0028204465266489,1.113510037148338,0.013040627590922,1.0467750755444836,0.0027534742072914,1.099614737033844
right_TAI_boundary,18,-1.19,2,200,1.0,3.657416105277654e-15,1.0,0.0086784190826293,0.0012334044952112,-0.0017852015233432,1.1112267325576315,0.0118006042604554,1.0461030152933286,0.0024180586683288,1.1007380747795106
right_TAI_boundary,18,-1.185,3,200,0.9999999999999996,3.800563250638757e-15,1.0,0.0080653722549764,0.0011679519212024,-0.0015919211552486,1.111176854469858,0.0111985757538593,1.045620245681388,0.0025171903596724,1.0991005969047547
right_TAI_boundary,18,-1.18,4,200,1.0000000000000002,3.532800079810916e-15,1.0,0.00742395961105,0.0011390872916928,-0.001256845785359,1.110523458023966,0.0124976169218223,1.0449531329365,0.0023691876185769,1.0993026423454284
right_TAI_boundary,18,-1.175,5,200,1.0000000000000002,3.601964470377746e-15,1.0,0.0067887227154472,0.0012193968158507,-0.0007314377489769,1.1090002742509515,0.0115494922807164,1.0443640728097514,0.0024747546316917,1.0995252776145934
right_TAI_boundary,18,-1.17,6,200,1.0,3.810174736025743e-15,1.0,0.0062289279330032,0.0011276103587566,-0.0005824900250175,1.10740946740556,0.011142363259425,1.0438552655435402,0.002314947633048,1.1003852701187131
right_TAI_boundary,18,-1.165,7,200,0.995,0.0707106781186543,0.995,0.0055153921070441,0.001199664365544,-0.0005643844983206,1.1086071826986192,0.0112626969945983,1.0432400395849586,0.0026791326748531,1.099367060661316
right_TAI_boundary,18,-1.16,8,200,0.9950000000000004,0.0707106781186549,0.995,0.0048421898065651,0.0011180024840363,-0.0003743691390203,1.106627471141195,0.0113679361763473,1.0425176437874502,0.0023486513809884,1.0999151015281676
right_TAI_boundary,18,-1.155,9,200,0.9850000000000004,0.1218574832792627,0.985,0.0042188853228096,0.001123542262103,-0.0002069059378225,1.1065457002002352,0.0112034789461264,1.0420996627652006,0.0024173863100521,1.1014369666576385
right_TAI_boundary,18,-1.15,10,200,0.9999999999999996,4.039916168038717e-15,1.0,0.0035746692597176,0.0009796331009595,0.0002979681262147,1.1056170947704007,0.0109300060033871,1.041393586691566,0.0022402199764561,1.1000724124908448
right_TAI_boundary,18,-1.145,11,200,0.985,0.1218574832792628,0.985,0.0030110430834931,0.0009804047614502,0.0006555078998923,1.1049675576439784,0.0112551552865088,1.041004212706997,0.0022647605180139,1.0994091534614563
right_TAI_boundary,18,-1.14,12,200,0.9450000000000004,0.2285523592188948,0.945,0.0022609711392389,0.001011418430475,0.0004531247330517,1.1049204193737736,0.0105375100345577,1.040232549428486,0.0024000043643858,1.1043227541446683
right_TAI_boundary,18,-1.135,13,200,0.9,0.3007528242702512,0.9,0.0018237540122477,0.0008745574417744,0.0005335160475978,1.103864455695884,0.0109834604672813,1.0398149227385618,0.0024339040103432,1.1047732734680176
right_TAI_boundary,18,-1.13,14,200,0.8649999999999999,0.3425810984938108,0.865,0.0012769505277042,0.0007458772668415,0.000373201324965,1.10235078148427,0.0108473446312853,1.0392634729583137,0.0020538129304346,1.117479156255722
right_TAI_boundary,18,-1.125,15,200,0.7249999999999998,0.4476347667709811,0.725,0.0008844702112117,0.0006404150966051,0.0002826330136672,1.1012526596175451,0.0107502365937332,1.0387218754580403,0.0021445993971627,1.10909139752388
right_TAI_boundary,18,-1.12,16,200,0.4799999999999999,0.5008535428214361,0.48,0.0007671545972525,0.0006079426178693,0.0002308883154933,1.101595510491007,0.0106926460625206,1.0385137439125682,0.0022927500295498,1.1039411556720733
right_TAI_boundary,18,-1.115,17,200,0.2150000000000003,0.4118532694757799,0.215,0.0009116841926431,0.0008902190151716,0.0002453164983444,1.10007699228806,0.0114826922960708,1.0379225586842404,0.001993461960754,1.104996774196625
right_TAI_boundary,18,-1.11,18,200,0.0349999999999999,0.1842409390393198,0.035,0.0014247716195645,0.0009923754629271,0.0002712055272375,1.0998104060497298,0.0105081108130789,1.0372771581731568,0.0020938592453588,1.1052769708633423
right_TAI_boundary,18,-1.105,19,200,-3.12754543677246e-17,3.544115949106973e-15,0.0,0.0020595233381772,0.0008655155036188,0.000615906080996,1.0989609389197943,0.0100268873932114,1.0367013911045984,0.0019769537657805,1.10520423412323
right_TAI_boundary,18,-1.1,20,200,-5.598217983081548e-16,3.76821405444486e-15,0.0,0.0026762146646383,0.0009110162381535,0.000489539734446,1.0985984565406122,0.0097814569799985,1.0361825788793166,0.0020277983321826,1.105150077342987
right_TAI_boundary,18,-1.095,21,200,-6.225273173406195e-16,3.739742003063093e-15,0.0,0.0032922570687826,0.000932142069283,0.0003587687643118,1.0981687906752722,0.0105040078146709,1.0357560314860133,0.0018957597769195,1.1048345851898194
right_TAI_boundary,18,-1.09,22,200,-1.0665901775546756e-16,3.8494689878956015e-15,0.0,0.0038476544533375,0.0008900650906428,0.0002113842340845,1.0966588899102694,0.010835159481898,1.035325794959148,0.0018704451269329,1.1069790136814115
right_TAI_boundary,18,-1.085,23,200,-8.697933566391195e-17,3.540595507572568e-15,0.0,0.0045575165029106,0.0009349904794423,4.556283951841952e-05,1.0970923758845497,0.0114609289893669,1.0347218938718086,0.0020003745130468,1.1122685086727142
right_TAI_boundary,18,-1.08,24,200,-1.8683550035069368e-16,3.879892825620536e-15,0.0,0.0051247387076315,0.0008671005264876,-6.549985759217901e-05,1.0955092913373154,0.0104158440846619,1.0342694951111655,0.001766884038904,1.1115472865104676
right_TAI_boundary,20,-1.2,0,300,1.0,3.8508475371058416e-15,1.0,0.0071611824457006,0.0011653666262023,-0.0003200153092392,1.1143132843657002,0.0105739213923465,1.046785557532041,0.0023026371763944,2.582608977953593
right_TAI_boundary,20,-1.195,1,300,1.0,4.038987201378201e-15,1.0,0.0064922973136926,0.0011051599466036,-0.0005139992017466,1.1136034595041668,0.0101215506787989,1.0460256760713502,0.0023253218957114,2.5778734270731607
right_TAI_boundary,20,-1.19,2,300,0.9999999999999998,4.286985099674597e-15,1.0,0.0058121190669231,0.0010443816404183,-0.0001719834943376,1.1138285670744157,0.0103071449125142,1.0453257272858572,0.0023300677715641,2.5745222481091816
right_TAI_boundary,20,-1.185,3,300,1.0000000000000002,4.235528443934888e-15,1.0,0.0051750281726332,0.0010666183834352,-0.000333345633154,1.1132813736401663,0.0105868539835165,1.0446847524495717,0.0023585736626621,2.578918886184693
right_TAI_boundary,20,-1.18,4,300,1.0000000000000002,4.02854777150718e-15,1.0,0.0046665158017138,0.0009174758177687,-0.0004339966015689,1.1106088413694557,0.0103366401364182,1.044219856089748,0.0020120955407126,2.581572120189666
right_TAI_boundary,20,-1.175,5,300,0.996666666666667,0.0577350269189627,0.9966666666666668,0.0040205508660991,0.0009790359902563,-0.000362497001508,1.110154076416728,0.0095847737338697,1.0437019749404677,0.002170358816673,2.579503109455109
right_TAI_boundary,20,-1.17,6,300,0.9933333333333332,0.0815130058495632,0.9933333333333332,0.0033278588591064,0.0009175527267237,-0.0004034514894277,1.1099041919671728,0.0104695657236339,1.0430331708670653,0.0020697276752991,2.570206580956777
right_TAI_boundary,20,-1.165,7,300,0.9766666666666668,0.1512121222276312,0.9766666666666668,0.0027087896316745,0.0009544186244292,-0.0001512697585076,1.1095573919666688,0.0104351666443891,1.042427628428256,0.0021519048544575,2.5650547512372337
right_TAI_boundary,20,-1.16,8,300,0.9666666666666665,0.1798054194170131,0.9666666666666668,0.0021639089954675,0.0008943152683632,-0.0003080480848458,1.1084159275070935,0.010783306319972,1.0419777532274872,0.0021622828906498,2.525502592722575
right_TAI_boundary,20,-1.155,9,200,0.905,0.2939507359675759,0.905,0.0015004415014243,0.0008412425157768,-0.0003719853206349,1.1073751196958062,0.0103635390804322,1.041141458130966,0.0022200575565596,1.9073039746284488
right_TAI_boundary,20,-1.15,10,200,0.7949999999999995,0.4047146770865205,0.795,0.0010659008370621,0.0006812081592038,-0.0003464566559894,1.1080330789402488,0.0101443398417525,1.0406817661962682,0.0021091392435381,1.9138683128356933
right_TAI_boundary,20,-1.145,11,200,0.6399999999999999,0.4812045188324016,0.64,0.000785636653418,0.0006855882510977,-0.0002718717011912,1.106568516893351,0.0106992396502845,1.04023781889977,0.0020045017291142,1.91176189661026
right_TAI_boundary,20,-1.14,12,200,0.3149999999999993,0.4656815397698433,0.315,0.0007710493197245,0.0006910234444445,-0.0002778234799107,1.106579016823926,0.0103819608442327,1.0396017227329457,0.0019811626337372,1.90980637550354
right_TAI_boundary,20,-1.135,13,200,0.0749999999999996,0.264052301808661,0.075,0.0011059413619975,0.000824165774125,-0.0003953472259536,1.1049679937754373,0.0092777370061341,1.0389635626478333,0.0017990300688325,1.921933697462082
right_TAI_boundary,20,-1.13,14,200,0.0049999999999995,0.0707106781186545,0.005,0.0017528624933893,0.0008261256631894,-0.0003676306151961,1.1048152646072833,0.0096579179313747,1.038361781719473,0.001832817111345,1.967545695304871
right_TAI_boundary,20,-1.125,15,200,-7.801193843700789e-17,4.2532349359901e-15,0.0,0.0021943143840452,0.0008277154882996,-0.0001840591803582,1.103054578022194,0.0115450420772766,1.0381963150531834,0.001782014400732,1.904810596704483
right_TAI_boundary,20,-1.12,16,200,2.843945977675295e-16,3.923168376455295e-15,0.0,0.0028648125924818,0.0008825499282868,-0.0001864539217147,1.103363827009782,0.0095941492835823,1.0375837598145417,0.0018408082200125,1.9027792859077453
right_TAI_boundary,20,-1.115,17,200,1.5266662471024882e-16,4.108876499321186e-15,0.0,0.0034999360429936,0.0007859736297022,-0.0004476911594776,1.1023901263891878,0.0093305398436306,1.0369535309914055,0.0018184103413685,1.903349951505661
right_TAI_boundary,20,-1.11,18,200,-2.4719977774263665e-16,4.283080621420504e-15,0.0,0.0040955643405135,0.0009125243654497,-0.0001418798912766,1.1013890953284715,0.0108363218458853,1.0365172622280654,0.0019160526059689,1.9169179141521453
right_TAI_boundary,20,-1.105,19,200,-3.399659559519893e-16,4.432953233211094e-15,0.0,0.0046149931302215,0.0008273044288242,-0.0001828049328058,1.1003466689292214,0.0101489448820487,1.036187016474452,0.0018018692440676,1.911204023361206
right_TAI_boundary,20,-1.1,20,200,3.448693110859121e-16,4.142244770637561e-15,0.0,0.0052670928684141,0.0007992798606894,-0.0004260750754008,1.0994665979101592,0.0094958944311638,1.0355296620390069,0.0017576419139325,1.91135226726532
right_TAI_boundary,20,-1.095,21,200,-1.3265563483937416e-16,4.175056738846551e-15,0.0,0.005908476901414,0.0008300358357332,-0.0003297750664591,1.0999844708134805,0.0089011540427682,1.0350447685089723,0.0018747365462863,1.9171278619766237
right_TAI_boundary,20,-1.09,22,200,2.9451052862940647e-16,4.018758321821501e-15,0.0,0.0063991168008376,0.0007543985713596,-7.689212445265799e-05,1.0977965737705984,0.0094738737107085,1.0347450740136148,0.001707100907164,1.91224177479744
right_TAI_boundary,20,-1.085,23,200,-1.8376538159566987e-16,4.141687720877376e-15,0.0,0.0071517824410962,0.0007809599006213,-0.0003434324262886,1.098401908978412,0.0088366604899247,1.0340359488344568,0.0016347441861304,1.9124004137516024
right_TAI_boundary,20,-1.08,24,200,-7.17833521858085e-17,3.929330623478018e-15,0.0,0.0076575134422493,0.0007899179108616,0.0004812432931182,1.0967593299050826,0.009744641824167,1.033677235049363,0.0015641088862706,1.9143281400203704
right_TAI_boundary,22,-1.2,0,200,0.9999999999999996,5.287472389550279e-15,1.0,0.01028150594921,0.0012302963727984,0.003262243355526,1.1140952270373767,0.0105651052587862,1.0474560358776803,0.0023299291507051,2.2822612428665163
right_TAI_boundary,22,-1.195,1,200,0.9999999999999996,5.1025425447767474e-15,1.0,0.0098669544109114,0.0009340657587166,0.0025592441182143,1.111142542366942,0.0083117371294368,1.0472138333034358,0.0020222753210584,2.283586703538895
right_TAI_boundary,22,-1.19,2,200,1.0,4.950419705945556e-15,1.0,0.0090627918270341,0.0010036013303437,0.0025237819368621,1.1112368282358482,0.0088769067938345,1.0461938394873522,0.0020812468116102,2.2869896030426027
right_TAI_boundary,22,-1.185,3,200,1.0000000000000002,4.4909259403760505e-15,1.0,0.0084136406047205,0.0011088884225513,0.0023688342503184,1.111725072544274,0.0105602700311054,1.0457040793980643,0.0021973664131322,2.286001832485199
right_TAI_boundary,22,-1.18,4,200,1.0,5.019806474702976e-15,1.0,0.0076780213443132,0.0010573806095846,0.0021853302407969,1.1106219412628584,0.0089626866408019,1.0449074813398862,0.0020287123987364,2.5678817570209502
right_TAI_boundary,22,-1.175,5,200,0.9999999999999996,4.9927543304850956e-15,1.0,0.0070385754978603,0.0010310620154067,0.0015413303870164,1.1099154943313787,0.0098084095778647,1.0443770642577683,0.0021998087178561,2.8765075933933257
right_TAI_boundary,22,-1.17,6,200,1.0,4.515134846856188e-15,1.0,0.0065904831432566,0.000987138920738,0.0017195666649211,1.1081801920417214,0.0095913703950459,1.0441834539581438,0.0021411572725046,2.890561168193817
right_TAI_boundary,22,-1.165,7,200,0.999999999999999,5.226741855451528e-15,1.0,0.0058689677144054,0.0010247120566635,0.0013108718012807,1.1085593573830277,0.0103211471177013,1.0434175563777928,0.0021109759272714,2.876136602163315
right_TAI_boundary,22,-1.16,8,200,1.0000000000000002,4.98039519397175e-15,1.0,0.0052088788463612,0.001050166020644,0.0013325381005403,1.1064829500044204,0.0099744549304816,1.042694338193194,0.0021234783911196,2.875650360584259
right_TAI_boundary,22,-1.155,9,200,1.0000000000000002,5.2363792697893294e-15,1.0,0.0046781241451571,0.0008554701597512,0.0009232870541358,1.1064438269454575,0.0088286989471128,1.0424517604567671,0.0018570419221448,2.876575934886932
right_TAI_boundary,22,-1.15,10,200,0.9999999999999992,4.8897148338315726e-15,1.0,0.0040222823829844,0.0009850608747529,0.0010635496700948,1.105447987243624,0.0094654502707762,1.0418778713975991,0.0020989053528287,2.8730007147789003
right_TAI_boundary,22,-1.145,11,200,0.9899999999999988,0.0997484272744112,0.99,0.003267538346462,0.0008787486487926,0.0009358609579524,1.105386077883672,0.0087792129793109,1.040991993908477,0.0018806560305608,2.8724213111400605
right_TAI_boundary,22,-1.14,12,200,0.99,0.0997484272744117,0.99,0.0027217157404321,0.0008716338513977,0.0007576923448987,1.1042650138184973,0.0086628854500948,1.0407062821561135,0.0019345527374125,2.8728685176372526
right_TAI_boundary,22,-1.135,13,200,0.9849999999999992,0.1218574832792635,0.985,0.0020951328183742,0.0007582153196624,0.0005564869745905,1.103371452536056,0.0099016069032337,1.0400524527448616,0.0017670512885705,2.871806894540786
right_TAI_boundary,22,-1.13,14,200,0.9450000000000004,0.228552359218895,0.945,0.0014722496840617,0.0006734252953636,0.0002944201212665,1.102466514108422,0.0085889692006432,1.0394249509141809,0.0016719612950739,2.874520970582962
right_TAI_boundary,22,-1.125,15,200,0.8250000000000006,0.3809205986981574,0.825,0.0010166427109971,0.0006265140342446,0.0001425600989041,1.102122255424017,0.009198081208085,1.0391204992180385,0.0018115696090616,2.8740157783031464
right_TAI_boundary,22,-1.12,16,200,0.6099999999999992,0.4889739025622285,0.61,0.0006914173960152,0.0004979492995355,0.0001460485219048,1.10232684792808,0.0089106733469421,1.0384530889760195,0.001708190646294,2.871851361989975
right_TAI_boundary,22,-1.115,17,200,0.3099999999999996,0.4636538303215657,0.31,0.0007072519632491,0.0006191041978712,0.0001213083537187,1.100999810464982,0.0087748923931969,1.038008252337632,0.0017528500181113,2.872504926919937
right_TAI_boundary,22,-1.11,18,200,0.0700000000000001,0.2557872859983308,0.07,0.0011943738893785,0.0007922601811651,0.0002787662867531,1.1009314556842595,0.0088332209494449,1.0372292802328646,0.0017250021458216,2.871813825368881
right_TAI_boundary,22,-1.105,19,200,0.0099999999999996,0.0997484272744119,0.01,0.0016646277432045,0.0007992296176499,0.000273411918283,1.0997930749709093,0.0092477672085739,1.0370708113905225,0.0016517902082928,2.8714177083969115
right_TAI_boundary,22,-1.1,20,200,-3.1120844070708997e-16,4.879281365082456e-15,0.0,0.0023600109037079,0.0008299254622795,0.0005387514102315,1.1000235761290045,0.0095829598432935,1.0364030943318847,0.001622601843249,2.8740446269512177
right_TAI_boundary,22,-1.095,21,200,8.17667599359579e-17,5.3060068946754486e-15,0.0,0.0028469159843142,0.0007442110051984,0.0006666520930531,1.0975457284682704,0.0081982826372069,1.0360554770450134,0.0015712407847824,2.8717205703258517
right_TAI_boundary,22,-1.09,22,200,-1.8323528914875923e-16,5.0085836457676855e-15,0.0,0.0035039548730627,0.0007013860817855,0.0007520277432146,1.0966990694806384,0.0086343892239111,1.035506205418343,0.0015185837687666,2.868449192047119
right_TAI_boundary,22,-1.085,23,200,2.1203697876423447e-16,4.949436436011596e-15,0.0,0.004147008407232,0.0006862914284294,0.0010746538544247,1.0968153132080902,0.0097927792301244,1.0349626578321314,0.0014373165319613,2.871670254468918
right_TAI_boundary,22,-1.08,24,200,1.8456052026603566e-16,4.8348209171038405e-15,0.0,0.0047527672278009,0.000704377907995,0.0009166200393895,1.0955245940895526,0.0089839467388894,1.0344574557481971,0.0014596695550629,2.877356473207474
right_TAI_boundary,24,-1.2,0,200,0.9999999999999992,3.620984639315381e-15,1.0,0.0055276232285395,0.0009193575484859,0.0024671997488711,1.1149772907676845,0.0085973179807517,1.0462392971404837,0.0019876431652102,4.397774320840836
right_TAI_boundary,24,-1.195,1,200,1.0,3.738915263555693e-15,1.0,0.0048033565078937,0.0009428122587996,0.0020340879425453,1.1147926178758454,0.0084331611570531,1.0455651314212169,0.0020224527552021,4.39539552807808
right_TAI_boundary,24,-1.19,2,200,0.9999999999999994,3.9081993255149416e-15,1.0,0.004230659016799,0.0009200474038046,0.0016137882523816,1.1139575800738175,0.0089288861525059,1.0450721154426814,0.0019595278846116,4.396108465194702
right_TAI_boundary,24,-1.185,3,200,0.9999999999999996,3.676713780396432e-15,1.0,0.0034250281402973,0.0008905560301113,0.0013957855728745,1.115286789038848,0.0091863817894318,1.0441965082089153,0.0018696828449942,4.4026838350296025
right_TAI_boundary,24,-1.18,4,200,0.9949999999999988,0.0707106781186546,0.995,0.0029842222549011,0.0008895010901608,0.0013400789010973,1.1128556495933393,0.0084900342093199,1.0438006966726243,0.0019580917066163,4.396045442819595
right_TAI_boundary,24,-1.175,5,200,0.9899999999999995,0.0997484272744114,0.99,0.0022861150367242,0.0009037563519944,0.0009387963545093,1.1127329840749465,0.0092776238692208,1.043234771033516,0.0019115655513087,4.405281460285186
right_TAI_boundary,24,-1.17,6,200,0.9699999999999992,0.1710152950930967,0.97,0.0017653406314774,0.0008254884809702,0.000638708774335,1.1109851613673345,0.0088920928461282,1.0426957308281224,0.0018936670964467,4.39843972325325
right_TAI_boundary,24,-1.165,7,200,0.8899999999999991,0.31367492695304,0.89,0.0012045121324294,0.0006329792800775,0.0003494628529278,1.1117012269709736,0.0091941946271,1.0421184894008595,0.0017053819823447,4.393127658367157
right_TAI_boundary,24,-1.16,8,200,0.7199999999999992,0.450125610609564,0.72,0.000740940691524,0.000538362425572,0.0001406983316901,1.1103177445074002,0.0086672594086467,1.0414279306361192,0.0016046370115027,4.3923172187805175
right_TAI_boundary,24,-1.155,9,200,0.4849999999999992,0.5010290917239928,0.485,0.0006762482180155,0.0005404329062427,0.0001079381985177,1.1089548438081969,0.0087187675011188,1.0409960071739477,0.0017508203864722,4.393489171266555
right_TAI_boundary,24,-1.15,10,200,0.1249999999999991,0.3315488246330815,0.125,0.0009196792722549,0.0006703963822054,0.0002195548816941,1.1091689595058711,0.0082516126159557,1.0402758635349572,0.0018785654772015,4.425392240285873
right_TAI_boundary,24,-1.145,11,200,0.0099999999999995,0.0997484272744118,0.01,0.0014063368160832,0.0007966338513686,0.0004360346919984,1.1083216995729537,0.0088101216342407,1.0398194835647965,0.0016831278004606,4.392587556838989
right_TAI_boundary,24,-1.14,12,200,-5.70260754254868e-16,3.6114757313745476e-15,0.0,0.002014371380745,0.0007743108689604,0.0007240091916543,1.1090170733346845,0.0094660324898219,1.0393664123317772,0.0016363791489374,4.405650532245636
right_TAI_boundary,24,-1.135,13,200,-5.018981548905293e-16,3.659099698552969e-15,0.0,0.0025169778214199,0.0007386301875276,0.0010980165684096,1.1056429016725,0.0083460934256948,1.038972108286608,0.0014809293270271,4.389553195238113
right_TAI_boundary,24,-1.13,14,200,-1.55595937659062e-16,3.6422638610922105e-15,0.0,0.003236262282435,0.0007424065130836,0.0015355355635494,1.1054684163663395,0.0081488909114433,1.038174004159088,0.0015855174921796,4.387411826848984
right_TAI_boundary,24,-1.125,15,200,-7.199318044604399e-16,3.800637296305919e-15,0.0,0.0037813539016405,0.0008000354410684,0.0016916681155525,1.1054720322926173,0.0083275330692055,1.0378654668698852,0.0016093372047069,4.397880523204804
right_TAI_boundary,24,-1.12,16,200,-3.9968694407242096e-16,3.665245968672485e-15,0.0,0.0044243252876209,0.0007573892147321,0.0019779200200689,1.1049449772033468,0.0088872255560978,1.0372716349773672,0.0016459121648748,4.388708535432816
right_TAI_boundary,24,-1.115,17,200,-8.566942753142905e-16,3.4477455203850305e-15,0.0,0.0049698105305318,0.0006775075411717,0.0021063535085128,1.102477534900502,0.008164279042579,1.0367897534625496,0.0013904225080932,4.387861713171005
right_TAI_boundary,24,-1.11,18,200,-4.024533640297356e-16,3.417945240072069e-15,0.0,0.0054784835915166,0.0007263567225691,0.0024225666959751,1.1020331076026542,0.0078467520743613,1.0363993815527663,0.0015069138214257,4.389484306573868
right_TAI_boundary,24,-1.105,19,200,-1.0841356853677834e-15,3.7554186066653714e-15,0.0,0.0062589965235935,0.0007176769609597,0.0024801370173671,1.1032241458052576,0.0088137299275983,1.035642117585058,0.0015161129953182,4.398012074232102
right_TAI_boundary,24,-1.1,20,200,-7.094818049210827e-16,3.5265677636716253e-15,0.0,0.006809008484294,0.0007337704597746,0.0028015585402537,1.101639121239206,0.0094262800761876,1.0351849766423011,0.0014261126515883,4.425208013057709
right_TAI_boundary,24,-1.095,21,200,-8.172507037372693e-16,4.0819032848417716e-15,0.0,0.0072829781067459,0.0006732748714797,0.0030550139036683,1.0996127474076631,0.0080523404098255,1.0348098572520503,0.0015485951577359,4.483234368562698
right_TAI_boundary,24,-1.09,22,200,-2.1541355721512843e-16,3.577367900523618e-15,0.0,0.0079751691324994,0.0006462920439109,0.0032780519873078,1.100832726056925,0.0090147333144487,1.0342781310347935,0.0013200592458918,4.541859569549561
right_TAI_boundary,24,-1.085,23,200,-5.806941884052592e-16,4.069322680688068e-15,0.0,0.0085963905900698,0.0006134255470446,0.0036993952511635,1.099564744207299,0.0084373369014056,1.0336986480942068,0.001359643867999,4.453071620464325
right_TAI_boundary,24,-1.08,24,200,-2.8882307841776173e-16,3.634141847479998e-15,0.0,0.0090987463007106,0.0006164796911954,0.0036260363290349,1.098171685655855,0.0079891372093797,1.0333451892197711,0.0014417689395176,4.438090723752976
