M,h,n,mean_gamma,std_gamma,mean_xi,std_xi,mean_Lambda,std_Lambda,median_Lambda,min_Lambda,max_Lambda,mean_runtime_sec
20,-3.454,2,0.01024086585764225,0.00014042345510678102,97.65717402743164,1.3390818690065927,4.882858701371582,0.0669540934503292,4.882858701371582,4.8355150078646565,4.930202394878508,637.9240944385529
20,-3.452,2,0.00491576693494415,0.0010446009437109084,208.12615957928188,44.2268288111815,10.406307978964097,2.211341440559078,10.406307978964097,8.842653450825944,11.969962507102249,634.6642037630081
20,-3.45,2,0.00214313644506665,0.0015485147326713,631.4327774979442,456.23924734139786,31.571638874897214,22.81196236706989,31.571638874897214,15.44114559296977,47.70213215682466,632.8089021444321
20,-3.448,2,0.0021160668429889,0.0004474634508941682,483.38215838334247,102.21598122362128,24.169107919167118,5.110799061181059,24.169107919167118,20.55522724572415,27.78298859261009,630.8103595972061
20,-3.446,2,0.0059615047542479,0.002136948945424068,179.25960766973185,64.25703666410868,8.962980383486595,3.212851833205434,8.962980383486595,6.691151065279401,11.234809701693788,631.3413523435593
22,-3.454,2,0.00920922484548195,0.0003527563297328134,108.66649249074267,4.1624342655484465,4.939386022306486,0.18920155752493023,4.939386022306486,4.805600317969551,5.07317172664342,941.2146552801132
22,-3.452,2,0.0063822669751836,0.00011171586162707105,156.7081452689556,2.7430355923334155,7.123097512225254,0.12468343601515608,7.123097512225254,7.034933009117299,7.21126201533321,943.9617998600006
22,-3.45,2,0.0020597458466242,0.00017274180517549772,487.2101727393504,40.860169654816985,22.145916942697745,1.857280438855318,22.145916942697745,20.832621349818023,23.459212535577468,946.5154720544816
22,-3.448,2,0.0021418697268872503,0.0011248799101599993,541.5697693685764,284.4248395993724,24.61680769857165,12.92840179997147,24.61680769857165,15.47504711590746,33.758568281235846,944.1453530788422
22,-3.446,2,0.006293445318385001,0.00031751451002033084,159.0979589236798,8.026749724084848,7.231725405621809,0.3648522601856757,7.231725405621809,6.973735898313279,7.4897149129303395,945.21906375885
24,-3.454,2,0.00992566515799175,0.0003304087045007602,100.80476696533208,3.3556212032501573,4.200198623555503,0.13981755013542302,4.200198623555503,4.101332685725855,4.29906456138515,1302.0879735946655
24,-3.452,2,0.00578342449269835,0.00024057814502654356,173.05766538440753,7.1988304115272115,7.210736057683647,0.29995126714696746,7.210736057683647,6.998638482658528,7.422833632708765,1298.4506291151047
24,-3.45,2,0.0016614478293191502,0.00042600137165178825,622.3419521382574,159.5707795146092,25.93091467242739,6.64878247977538,25.93091467242739,21.22951549434391,30.632313850510872,1290.2406817674637
24,-3.448,2,0.00330050208786375,0.0002610118503129711,303.9346137568539,24.035899326507405,12.66394223986891,1.00149580527114,12.66394223986891,11.955777764631804,13.372106715106016,1302.7357504367828
24,-3.446,2,0.00633210816245065,0.0007424063086174193,159.01824554725633,18.644051183399746,6.625760231135681,0.7768354659749903,6.625760231135681,6.0764546052785535,7.175065856992807,1306.54916036129
26,-3.454,2,0.0089455882023423,0.0009015304421668691,112.35752582214232,11.32331688470651,4.321443300851628,0.43551218787332735,4.321443300851628,4.013489679517009,4.629396922186247,1962.8464268445964
26,-3.452,2,0.0055513677462341,0.0002466952025333215,180.31382855407628,8.012900331611766,6.935147252079857,0.3081884742927617,6.935147252079857,6.717225092023909,7.153069412135805,1961.1384363174438
26,-3.45,2,0.00174702764455985,0.00012786510112904308,573.9380200575346,42.006572251434044,22.0745392329821,1.6156373942859226,22.0745392329821,20.93211107554396,23.21696739042024,1960.4660004377365
26,-3.448,2,0.0023013056298165,0.0003800362264514973,440.5429659849383,72.75100022068972,16.943960230189933,2.7981153931034486,16.943960230189933,14.965393861184024,18.922526599195844,1965.7593699693678
26,-3.446,2,0.0057800812743428,0.00032622806636957284,173.2839440924178,9.780154176220538,6.664767080477608,0.376159776008482,6.664767080477608,6.398781952052398,6.930752208902819,1962.614135146141
