L,h,k,n,p_obs,x_scaling,p_fit
30.0,-3.456,32,200,0.16,-0.009762778444787899,0.1620335692905054
30.0,-3.454,37,200,0.185,0.0021979614610933723,0.20901133572571587
30.0,-3.452,60,200,0.3,0.0141587013669773,0.26529711603343725
30.0,-3.45,63,200,0.315,0.02611944127285857,0.3304088607601588
30.0,-3.448,78,200,0.39,0.0380801811787425,0.40274102742148726
30.0,-3.446,92,200,0.46,0.05004092108462377,0.47956695984282166
30.0,-3.444,110,200,0.55,0.0620016609905077,0.5573716209669213
40.0,-3.456,32,200,0.16,-0.011357195490058574,0.15646056378275286
40.0,-3.454,43,200,0.215,0.0025569235371288327,0.21056499836663894
40.0,-3.452,56,200,0.28,0.01647104256431933,0.2772299998807732
40.0,-3.45,81,200,0.405,0.030385161591506733,0.3554966904571224
40.0,-3.448,95,200,0.475,0.04429928061869723,0.4423365888852078
40.0,-3.446,94,200,0.47,0.058213399645884636,0.5328513756684259
40.0,-3.444,138,200,0.69,0.07212751867307514,0.6212540961211729
50.0,-3.456,23,200,0.115,-0.012771154868456775,0.1516498389091371
50.0,-3.454,40,200,0.2,0.0028752579374070626,0.21194988699768785
50.0,-3.452,62,200,0.31,0.018521670743274373,0.2880847158517833
50.0,-3.45,78,200,0.39,0.03416808354913821,0.3784348394421505
50.0,-3.448,102,200,0.51,0.049814496355005525,0.47809169671934054
50.0,-3.446,111,200,0.555,0.06546090916086936,0.5795236228035406
50.0,-3.444,126,200,0.63,0.08110732196673667,0.6746572653884344
