replicate,hc,nu,c0,c1,c2,c3
0,-3.450739306301907,2.4288523515661486,-0.7151209742872207,39.81543162614525,-11.015711706019102,-8.726706969054058
1,-3.451343135853495,2.504516008348575,-0.7900548705992781,39.81759343567725,-11.015730988422144,-8.726706395067897
2,-3.450304570117161,2.516656963742857,-0.6287976900280893,39.82248340304572,-11.01554331656448,-8.726704825338452
3,-3.452888616983559,2.4835236671063483,-0.9891901890016543,39.82018169975828,-11.015591221650638,-8.726706945468054
4,-3.4513534530817047,2.3949638908455237,-0.8037524375210617,39.8218011224009,-11.015540575724836,-8.726705984271268
5,-3.452045785076334,1.4978101159279762,-0.9049202246863147,16.172760262071282,-14.968816600184654,-8.863872310833107
6,-3.4510424689563095,1.2353734688459421,-0.7303287408598793,11.107575741568471,-17.012023290500938,-8.996110116848012
7,-3.45385714971845,2.069357631466632,-1.2448727304190217,29.35168566824284,-12.05279570757007,-8.26448494216644
8,-3.4500387757803352,1.4288969645771015,-0.518082350195725,13.933412497105504,-10.753395109886554,-8.26233077341626
9,-3.449483819420887,1.5801557483432156,-0.45352641141350675,18.035009134775425,-9.32081020255507,-8.437361155852468
10,-3.4495851963557564,1.573752989212601,-0.48790637331832165,18.077211932908646,-36.28260202130565,-8.195182892135858
11,-3.449766134731399,1.8058626071349553,-0.5199148857914114,24.20233294132568,-34.485199769667524,-8.218982101798561
12,-3.4527789416729737,1.6016014794970979,-0.9695531692432418,16.61784496902233,13.88962964197836,-3.6392998664214424
13,-3.449906798695993,1.7283750906974369,-0.5901147263912289,21.508894415349562,9.181362543332561,-3.643101080882948
14,-3.4490741289883906,1.7049571931268543,-0.4852398033522106,21.50861444187272,9.18144528543927,-3.6431047209130463
15,-3.4509431336858665,1.7428611920699633,-0.7705235547817899,21.517520261780025,9.180764511543918,-3.643076446757578
16,-3.4485778794410353,1.270784879623995,-0.4468458377154065,10.654030536007904,10.54332471576556,-3.7852626467313857
17,-3.4493406389722883,1.512251429202671,-0.49166104044900066,16.037051648020107,8.037824005158898,-3.565007675854611
18,-3.451251971163818,1.5596806524533386,-0.8029644897636158,16.01191818992307,8.038205478262762,-3.5651750949359013
19,-3.4503249686784967,1.7289666793671128,-0.6710888368823633,19.91221177113558,4.930002739971108,-3.658787892492912
20,-3.4505802423556653,1.6408205873488342,-0.7026460161235377,19.9113292000195,4.9299605764307985,-3.658789933559793
21,-3.449568113071854,1.3949385049410674,-0.632167453724648,12.330990526284406,23.444404854927193,4.623011654808503
22,-3.44939291185728,1.856328743138285,-0.4924620429450564,23.746200278025718,20.55058797940427,4.7740060429217905
23,-3.450204722190478,1.8459512910857558,-0.6117049584972859,23.74351622910685,20.550504063327587,4.77400185634078
24,-3.4518801443146434,1.8171334950938447,-0.9249575411719276,23.7537071038082,20.550407965906878,4.77401721070773
25,-3.451785166092076,1.3559960473891406,-0.8070809367634352,12.31399672378645,-17.230403172101134,12.529248096467926
26,-3.451932413691239,2.8980599035316463,-0.9071769977277447,50.0,14.773060719812072,12.673374646452059
27,-3.45056515134649,1.8069141653616292,-0.6745720989857148,21.677213669084782,14.772378322553797,12.673376959954686
28,-3.4520897534575052,2.5258023923745228,-0.8924093760862535,40.191008670236606,8.37357069871123,12.485132889099635
29,-3.452365756090257,2.495273672954761,-0.9315305869382314,40.19043105410047,8.373552973993544,12.485133720948138
30,-3.4507930635748543,2.53802604325034,-0.7364686842174001,40.19598963246301,8.373718500568687,12.485137872207096
31,-3.4512026499703348,1.5668970718955089,-0.7473448963924706,16.17569471588978,8.448522452523092,12.499767709796746
32,-3.449815138697254,1.5326684332541332,-0.5979063542664995,16.177828349169044,8.44897182366023,12.49978020641429
33,-3.4503230608346276,1.62726793140596,-0.6314258661279468,19.771874403375595,0.8011199262921118,12.099742637108166
34,-3.45013992242578,2.251846663331871,-0.623061106338562,35.55653158037721,-0.6295263159831977,11.567549260864617
35,-3.449716632789703,2.2556657449326774,-0.4920498844982477,35.556554310353825,-0.6294656394288728,11.567551130799856
36,-3.4514952843445,1.1147917158835214,-0.8561381716256358,7.253940332702923,-6.050402454478751,11.566065230492152
37,-3.449132589773386,1.4176636717311308,-0.39516333848307467,12.631727320988706,-4.263436128282215,11.515116230416771
38,-3.449907203336731,1.614863219617174,-0.5393594518659484,18.741157251828195,-3.2504860681211283,11.527150915862487
39,-3.450112315144338,1.6061458901605634,-0.6248737421975504,18.741295874607932,-3.2504721194538497,11.527146855651653
40,-3.4493981388972026,1.6279512833465477,-0.47818384107504197,18.738498237392,-3.2504006314470715,11.5271377440059
41,-3.450286557801987,1.1835759249679567,-0.5740813773894554,8.724281883769043,-7.000352446385378,11.426042532608891
42,-3.450976865482074,1.3228150676521782,-0.7494240069916079,10.905377629777645,7.222217661494552,13.02566807893725
43,-3.4510486090779504,2.054222282221657,-0.7424619317113915,29.35520259565865,2.8298092798685137,12.573591145231655
44,-3.449324380983903,2.025400117422928,-0.4427284991036101,29.360464260214606,2.830184035292285,12.573607969132345
45,-3.4508630950466093,2.055845349450599,-0.7658769589257977,29.35837079142845,2.8298393739823102,12.573609633069141
46,-3.4513866899105388,2.0907281825019277,-0.77620436705029,29.357984058557882,2.829823048126735,12.573608971170298
47,-3.4505649856005753,1.9919819502027822,-0.6908517155627463,29.356944897836655,2.8298423743978613,12.57360836413621
48,-3.450669553829939,1.4528386155868183,-0.7359640924252593,14.88925313018117,-4.595675569763761,10.751282634035473
49,-3.4515953514980384,1.4788285430117207,-0.8014278097631021,14.8889030214161,-4.595978945576257,10.751277969982594
50,-3.4515056565464626,2.024837323706521,-0.825291579600395,29.785571903652635,-25.20393235791755,4.132325718838825
51,-3.4503822663989157,1.4759821660786445,-0.5782254317366516,16.538550895062322,-26.255789452010386,4.112185783191194
52,-3.4525176328187452,1.3443029137637215,-0.9707876050394646,14.084483068481203,-26.882210767724676,4.0305085901404984
53,-3.4505138397823623,2.2521058879839715,-0.6860817993428417,34.09150504451141,16.362237013025748,5.8072960661766375
54,-3.450439178879416,1.7113271478341752,-0.5970301035272705,21.450952519714843,15.739516470013134,5.752676434154348
55,-3.4500316214241393,1.052424721508931,-0.6313107375216028,5.407707411822337,0.633275918659275,8.320986162511792
56,-3.451312993564146,1.271988374387206,-0.7052452692113925,10.860356095527775,-18.035735935429322,7.328539227957112
57,-3.4499873243320165,1.4390043192864128,-0.5275239066834193,14.756311740482385,-17.507768613173596,7.355045465984213
58,-3.4508470873148274,1.77360519152931,-0.7121914109006201,23.372819009827467,-14.678323023558212,7.489538346178551
59,-3.4501036616044414,1.2125814231821612,-0.6049843806502683,8.31646723989662,5.94478672673454,8.977661476981527
60,-3.452082824433019,2.1147379669808326,-0.877757499727577,28.02368465719449,-0.0607104664688231,8.581199186234857
61,-3.4502177712745126,1.9194860267787905,-0.5634754718122961,28.047156099491175,-0.060026732253979254,8.581229641357183
62,-3.4499315544368523,1.1666588809993454,-0.5461795437182698,7.883413930306436,-0.847600944827602,8.591350679578259
63,-3.448201064340854,2.175561135005597,-0.23603698440075507,33.693618926657045,1.3305868811402168,6.784406438291116
64,-3.4518256875683724,2.221263776344408,-0.8898376846562707,33.689494746007796,1.3305791268618912,6.784403608975367
65,-3.4495817723027122,1.1144200347737685,-0.5637262740365069,7.241930211514927,3.407327450179865,6.860214274392106
66,-3.4509168372199697,1.6050556978798771,-0.7421002957648205,18.500333747637583,6.68183582597744,6.681836114476722
67,-3.451051393133024,1.627209800534841,-0.7524189392571887,18.50096460349031,6.681827422881508,6.681837112000755
68,-3.4497596890222737,2.0085228482149726,-0.5742392490235224,30.20556805150853,5.488078483945015,6.350937126576544
69,-3.4500228013823473,2.11174914410447,-0.5924427009306747,30.205704727396583,5.488078375784108,6.350937336074362
70,-3.450288290678576,1.3773024540444079,-0.5728879354575722,12.16246187104477,6.313440404210116,6.3692237096662
71,-3.451267698081816,1.7474255677171482,-0.8379387189908247,21.986424701109097,2.8579024035600997,6.31102734441305
72,-3.45061546610202,1.3596861773407776,-0.6431479912555588,11.518119462872841,-8.618029755210118,6.449825146953235
73,-3.451830647385623,1.318384177961921,-0.7984921249544842,11.509322872428571,-8.61859013956016,6.4497731430267145
74,-3.4495671750932493,1.296956431847543,-0.5364634132526562,11.5178439735474,-8.615990672999441,6.449957573568436
75,-3.451082674001328,1.3156545169697282,-0.7556102544599141,11.533942641390928,-8.617492503131173,6.450176136402029
76,-3.4505964501343422,1.335992476475398,-0.6763043950326134,11.548963516683376,-8.6150531291419,6.450370340277757
77,-3.4525334589092176,2.7863868124944187,-1.0722716337525624,48.09880576500871,-0.32425506423088213,6.241751486857223
78,-3.4529243998473196,2.939334131800776,-1.0127812710931494,48.098333598492054,-0.32424727914012963,6.241751679760879
79,-3.4524520526304765,2.7569791229140383,-0.971364756077831,48.104079468274946,-0.3240517794033466,6.241758025392333
80,-3.4550055197849896,3.0061040644045844,-1.3839297318349149,48.08581643316255,-0.32452990752262545,6.241744233127765
81,-3.4484797791706963,2.7305228515931184,-0.2698093104121594,48.127919765419264,-0.3227251116283504,6.241800482098312
82,-3.4501248714905377,1.062708198741536,-0.5853337289208218,5.423375813043328,-0.597184601483047,6.27533044991804
83,-3.450660070998321,1.3933909605033357,-0.7070798750253445,12.808936035863246,-3.652774449753997,5.624498806248319
84,-3.449852210770106,1.4935368073818698,-0.5687106744747831,15.979016617907845,0.775449325409878,5.346055427642091
85,-3.4510747655486016,1.9164389057706794,-0.8306493542578296,29.169184378228334,-6.344144076122918,5.032170279804235
86,-3.4504896733525765,1.100738579732868,-0.6166463142098499,6.609331618753043,-5.439794101953797,5.140402034268514
87,-3.449831974316824,1.469717201883832,-0.4819812225777532,15.088537013291532,-22.946877291481805,3.92615819926072
88,-3.450564913608702,1.5570420977144006,-0.7364414377105217,15.522337802962285,31.489946023012806,6.680700990580049
89,-3.4514794315648483,2.0361237567988213,-0.843740895624778,26.988364309204275,29.725189884976242,6.571316700181732
90,-3.449126763885099,1.9388538902148573,-0.4887992126677471,26.97225571466677,29.72581743333753,6.571307495578763
91,-3.45013816466919,1.9641597837874882,-0.553451828254279,26.972448826167497,29.725727703587957,6.571307947930603
92,-3.4490356649139633,2.018214190058814,-0.37553806312665855,26.861250392230588,29.72355771433271,6.571106296453292
93,-3.450423300237901,1.9197551664393206,-0.6610138654238934,26.873304172768105,29.723333150188783,6.571121938912148
94,-3.4510926716750845,1.9991982881274009,-0.7519043908142651,26.893478186722678,29.723526020594807,6.571147166745847
95,-3.4508596606864153,1.9565236986289924,-0.7683082732340587,26.894033946613735,29.723518290568645,6.571147014840824
96,-3.451763702401301,2.0045164847907557,-0.8941861865177246,26.899170425081266,29.723485627481345,6.571150048509133
97,-3.4507285180575678,1.759790207850632,-0.730851989012412,21.736448944156116,28.596841750975237,6.543572073898689
98,-3.4515826472977076,1.7696283649124862,-0.8807594506079772,21.736204944123624,28.59633960116441,6.543571167895298
99,-3.450196381356453,1.7867496892743986,-0.6175696866812728,21.73205706266478,28.595963315088483,6.543549288085003
100,-3.452182477446843,2.7296802623874523,-0.9571270020981852,45.489430520937354,23.419639219351545,6.268950522627004
101,-3.4533206189689274,3.0272318914675913,-1.0476362280792055,45.4914824407343,23.419696746599204,6.268952951828711
102,-3.4521232718442456,2.780387813739142,-0.922732223726479,45.48564958203601,23.419568342384057,6.268948683913066
103,-3.4515271045814644,1.4893633145810825,-0.8247346508761987,14.165796210292347,11.490765145001054,5.596469572115126
104,-3.4507478991566134,1.9363603792731245,-0.6057267904703356,27.206869918266143,-50.0,-50.0
105,-3.45112707429956,1.8943555677187585,-0.7034542723963554,27.20839549480245,-49.99994824715169,-49.99999918582729
106,-3.4500139647594725,1.5181200135715427,-0.5056277045399644,15.425459921425356,-49.9999992549357,-49.99999998404829
107,-3.4509786595800387,1.6987022560359546,-0.6911548830423316,21.515469688037708,-48.76707600739937,-49.93037467429443
108,-3.449964490742807,1.886971479888958,-0.5116145417104657,24.879702098746463,-47.53596217034782,-49.89241177781352
109,-3.4516727742982187,1.7535873039497056,-0.8389712681885196,24.90372464141403,-47.535664427237315,-49.89236731127057
110,-3.4509773744450802,1.716736414183656,-0.6805364119240735,21.465905690848697,-47.42867307179032,-49.87272494201837
111,-3.448902285671999,2.2897572473233274,-0.4036063886023557,34.093113820232205,-45.357702665672036,-49.93277789594315
112,-3.4511182412379866,1.7688757044895622,-0.6644719189743049,22.25744144798224,-44.693074717240656,-49.892977130700416
113,-3.451891555346826,1.689338699098143,-0.8601397936375206,22.260372750834694,-44.69308732700788,-49.8929601270088
114,-3.4507337018924336,2.970406140827906,-0.7021325290473663,50.0,-2.4240882190959336,-48.77279177690904
115,-3.450516905495634,1.4251367764230858,-0.6102471478704462,14.675513420642995,-2.8715422110797935,-48.757358236849505
116,-3.4512597677048866,1.6198910425443867,-0.7938060584434258,17.872118462372388,3.369492555593488,-48.17125761293331
117,-3.451692519705105,1.3212978818028513,-0.9230599365051096,11.111707165162095,1.9233565829828116,-48.15999710135837
118,-3.4513887211149665,1.5818027833935284,-0.778330563026416,17.986838869206338,-5.036107431576185,-48.13030586450546
119,-3.448988995996105,1.6175977232478558,-0.4007358623904909,18.021885173006673,-5.033219683781569,-48.13016580754814
120,-3.452159850593258,1.6601471513179178,-0.9067225832011481,22.474566842727537,-50.0,-50.0
121,-3.4507117178408637,1.5721404108768318,-0.6402893321667108,17.419704116024455,-50.0,-49.98740070125079
122,-3.4506286422844217,1.7747894366026773,-0.681390520528722,23.726631067257472,-48.619766944084425,-49.92583447286633
123,-3.449811845977761,1.7813782141225591,-0.5877210608753624,23.881271320000877,50.0,-47.41234968088624
124,-3.4509230768314003,1.838475514220015,-0.7294666558559896,23.882213566808865,49.99996972910783,-47.41234950084025
125,-3.451381959118312,1.9239684412172358,-0.8501256395944335,24.66501084959025,49.69065445783563,-47.398610639600115
126,-3.4492706085179847,2.5569751572205655,-0.44732771676618366,47.13605343853287,46.610226449144136,-47.49876345056856
127,-3.450215290265931,2.8221333686597414,-0.6298034414440405,47.1263281839094,46.61012457572629,-47.49876696703615
128,-3.4515881185389152,2.24746015548969,-0.8674265654613276,34.713078149711286,46.73314242198724,-47.55084883029725
129,-3.450150564352689,2.1971526069159504,-0.6585658220305263,34.71513127432456,46.73321173276958,-47.55084867548041
130,-3.4516209100680837,1.8394826218277285,-0.8399247691689135,24.427589405204337,46.28968956115481,-47.525808140107465
131,-3.448800901355743,1.9470677247661001,-0.43163402012894636,27.206727348596374,44.438242274391385,-47.46675707578103
132,-3.451005514460394,1.9481655205381558,-0.7459757588789442,27.20342695679579,44.438270454464416,-47.466768802027204
133,-3.4515028184181924,1.8517281727266262,-0.9278260689220452,27.209556995942332,44.43821770269884,-47.46676095986344
134,-3.4511165358123064,1.925933625927435,-0.8181314120565524,27.189459159838275,44.437248192325306,-47.466828039957576
135,-3.4505497851843723,1.9297679463645958,-0.6786508851588827,27.189839020221967,44.4371835730884,-47.46683114387022
136,-3.4498811590112557,2.1897467091745586,-0.5894188401207002,34.02945421360291,42.50572288724787,-47.43210635446171
137,-3.4531890564119805,2.2495899702643656,-1.118806996021802,34.030916192264044,42.50510338860124,-47.432106258317894
138,-3.4495319302874594,2.35862857892662,-0.4910449724046012,33.97574030777778,42.50274491557566,-47.43222995494966
139,-3.4491078316577415,2.1680306754008787,-0.43785500509729286,33.9733943513102,42.50277494082747,-47.43223178489242
140,-3.452173866049395,2.313939232696346,-0.97386927537044,39.27085346473513,-50.0,-49.60390077711325
141,-3.452709922431803,2.435965351294148,-1.0045419372110624,39.270797298046,-49.99999997748287,-49.603900882199646
142,-3.4514341303205036,2.1126702662185335,-0.8219961930972318,33.42347443243037,-48.38041404405133,-49.56795901810147
143,-3.45013359478982,2.177691428749154,-0.6071261447386109,33.4323212672029,-48.380209772165095,-49.56795200234653
144,-3.450159055140447,1.1297288593478383,-0.6033022491419835,8.191334208881047,-5.266634799397106,-49.64926985500969
145,-3.4509429648268597,1.2614387137402279,-0.747093140527879,9.650302377208577,7.103569828536971,-48.47351298306833
146,-3.450286030998436,1.6152619953756402,-0.5891695146235466,19.86898792980316,3.686248648380219,-48.320694063334955
147,-3.4505976430078604,1.3045135149145148,-0.62669624770729,11.357944148870274,-8.732353203668229,-48.484286826759245
148,-3.45135996726986,1.266830368887956,-0.8405854087508751,11.23145595778663,-2.062831327101267,-46.921874100918295
149,-3.449519169135452,1.2769535562504284,-0.4307609307347868,11.257397062091508,-2.0596125270703944,-46.921621005419695
150,-3.4512773848897336,1.2399048372639918,-0.7771080711176525,9.962744452885563,-2.2985855353776725,-46.972419112089455
151,-3.451134185124268,1.1688285146628814,-0.7138390198200175,9.042906658264767,-2.6415294765172717,-47.02551032221124
152,-3.4499583075698053,1.156146737279495,-0.5342829594997553,8.508481436053271,-1.570472472804694,-50.0
153,-3.449292546470783,1.8722635892041297,-0.4943272362833614,25.138014490686096,-2.01098763188928,-49.26911868363619
154,-3.4501390580255173,1.4701356409312427,-0.5948036520688847,13.77377049533617,-3.5145120125603184,-49.244304762275306
155,-3.451655181464614,1.2370293291899548,-0.8632813717996921,11.03070215652651,-4.621044154626342,-49.40083214380465
156,-3.4501830905966084,1.4990194784851374,-0.6047257680156735,15.422000582677674,-1.6825159150909628,-49.45905048727861
157,-3.4504884364568302,1.504185381409406,-0.6142575320857501,15.421897180025537,-1.6825310421504864,-49.4590500408438
158,-3.4495609403581726,1.5160772889363954,-0.49998087287339277,15.424619147210292,-1.6822939600148188,-49.45904855152966
159,-3.4507117618224257,2.1162423266611223,-0.7641976875414032,34.933919079179496,-0.13814220690863452,-49.34131661446974
160,-3.4498752185093915,2.2577366537714605,-0.6119131708628998,34.951064560405094,-0.13773865430515211,-49.34129939436286
161,-3.4497175108470945,2.2697046362180453,-0.5268134402122358,34.95085198541376,-0.1377072233165566,-49.34129914099728
162,-3.4491000278870034,2.186322606193429,-0.47013469936870045,34.95079550359187,-0.13768798991824463,-49.341299361370226
163,-3.4527156316090473,2.2377556295016197,-1.0666429140810711,34.97763592809371,-0.13880505237441698,-49.34128019399125
164,-3.4506521278316584,2.21883582046204,-0.7190467714900978,34.97896713243513,-0.1399149544276624,-49.341330206555604
165,-3.451070341917966,2.126740108519534,-0.8009320215715782,34.97380946184603,-0.13996489370712836,-49.34133503955492
166,-3.4510750959093945,1.174059126280239,-0.7853021800337171,8.409647092519815,4.702360361753807,-48.960538072660235
167,-3.450396736045191,1.9517695072405215,-0.650335702630831,28.411474647733133,-43.317646658557365,-50.0
168,-3.4509469417224463,1.9648684051866994,-0.6916102066794694,28.411327170909367,-43.31767663730488,-50.0
169,-3.4503839142910597,1.76216350428303,-0.5417628741296189,21.762755710602402,-43.635598024863015,-49.981308396705536
170,-3.4522937537259875,1.2745078938922287,-0.952143849059119,10.440792371358599,0.18327143621310565,-35.241477305323706
171,-3.4512559625125685,1.3103958326109157,-0.7323718774428832,10.43341119914762,0.18348825739391794,-35.24157451134871
172,-3.4510708048676966,1.2419893774153983,-0.749182731971903,10.462364886097284,0.18514933613184634,-35.241216589455945
173,-3.450816150393321,1.3024518281759472,-0.6658223285116849,11.826211277627406,-12.51925718839387,-34.96723689948848
174,-3.449879740854255,1.3153188864406422,-0.49856848745863575,11.834841298976265,-12.516617373206552,-34.96707305560645
175,-3.451305129419318,1.6317229390793684,-0.7737494323921119,19.523870842575796,-10.516570718935519,-34.69194961739474
176,-3.4504162191430057,1.6405473794298446,-0.5895039198561665,19.52549920912663,-10.516162765961145,-34.691935492278475
177,-3.452119524066053,1.592977742561366,-0.8763201504537419,19.816721548777913,-50.0,50.0
178,-3.4522996939881416,1.580261992240633,-0.8737505770922983,19.817053291808055,-49.99997861520511,50.0
179,-3.4497307637005563,1.676261536461352,-0.4612068259166361,19.834002224145518,-49.99998507281279,49.999492837229894
180,-3.4520856475835884,1.5263232917616438,-0.8765065412905445,19.774439313760627,-49.999988894464146,49.999487733711945
181,-3.449422745593448,1.8853516028678325,-0.4818676918511274,25.920773569561934,-48.93101271023285,49.99194890359438
182,-3.449429110145566,1.91901982601018,-0.4679114980685145,25.9201062212142,-48.93095255167272,49.99194682778375
183,-3.4498138389166293,1.7000577841325042,-0.5512640707560662,21.8163510145351,-48.99126214193069,49.99733863874036
184,-3.4528771810084287,1.9201937701042477,-1.0232461831701567,27.79102604463785,-46.63985815926005,50.0
185,-3.450130050394188,1.6951439895062574,-0.6144576381710033,21.82066907071249,-45.761420202292605,49.999897812301754
186,-3.4509766104448736,2.35923929840933,-0.7578994086391699,37.751725667996546,-43.98063199830609,49.943102566753495
187,-3.450342131189158,2.3190111143530463,-0.6322252240847462,37.75416941577427,-43.98053494132742,49.94310744798995
188,-3.450997555394294,2.310274358497154,-0.7713475637983976,37.75298181246073,-43.98060341141167,49.94310738468461
189,-3.4500620915177906,1.7998696771787592,-0.5160981241234546,21.92199877439618,-43.22543776695455,49.947881746393115
190,-3.4499243331692555,1.8238385967120476,-0.5250737605718888,21.921433495287136,-43.225455637740815,49.94788089958947
191,-3.4506578821189664,2.169866792640046,-0.6795468486594678,32.08422711325931,-40.54286986489145,50.0
192,-3.4528329546772785,2.0597528660455997,-1.0383511388857392,32.07438000906022,-40.54316564166901,49.99999999644938
193,-3.4544299756614665,2.596406374402981,-1.426077301807855,45.821727542184796,-33.59074313764732,50.0
194,-3.450599437678157,0.9059457121804654,-0.633199284120124,3.2124411200484646,-1.290049951877036,-0.6445767725586644
195,-3.45072276132948,1.066398769418345,-0.6510542374652921,5.273317700822336,-0.49102505545097613,-1.6404660690308666
196,-3.450607113909494,1.9096612851709465,-0.6709352842508347,26.26321043818042,-13.13686167792667,-4.64667476404082
197,-3.4512204187430733,1.968035694952018,-0.7854014786478849,26.258212423665523,-13.137029344067873,-4.646682358629516
198,-3.4502261208991754,0.8369026233559044,-0.6439900388582366,2.7445963218685665,-0.3228415703132707,-0.9110292262970223
199,-3.451260368905303,1.0457360005011647,-0.8253871953129122,6.614260807216775,8.223636156025783,-50.0
200,-3.4498989323466165,1.1294512023695218,-0.5953282999243986,7.460078086145362,2.9623840697686443,-49.877932477861265
201,-3.448145462407456,1.523214639721024,-0.27703681279317277,16.572326007861356,-0.12737417289719,-49.6188614916782
202,-3.4498533830041853,1.095456987074541,-0.554349248138747,7.772430123353148,0.23871708158244784,-49.99999989470213
203,-3.4495305190705694,1.1942237028468503,-0.5450737572358865,9.410505500788599,5.90547133312223,-49.960160196227456
204,-3.4493779453134845,1.9051244638253848,-0.42649489814988595,25.385367545897424,-1.2995170775034257,-49.80839031644428
205,-3.4524148690895253,1.9013133553225368,-1.0017924814258974,25.38431752484862,-1.300040384573832,-49.80838503253991
206,-3.450768453079592,1.1681234925443538,-0.7492752517477728,8.972382616245003,3.3389283518789696,-49.39948683233984
207,-3.449813066890534,1.3248621506184435,-0.536857497809539,10.76701722639706,1.6220366514980729,-49.32408471995298
208,-3.449923311459516,1.3091047287836481,-0.5551806168592812,10.7688876849552,1.6229793906421088,-49.32408545708242
209,-3.4495788985082267,1.2756527013498797,-0.5266944048036309,10.767190374785855,1.623140190511174,-49.324101398688995
210,-3.4513892041653937,1.1485517863978079,-0.8718789622403875,7.7585841153870305,2.7903140218492295,-50.0
211,-3.44986796880811,1.6192324080952543,-0.5065916037933311,19.610581330337215,0.5855115881039296,-49.56645672508793
212,-3.4504102464739765,1.6236630847187283,-0.5144467712498777,17.88688984667766,-50.0,-49.718154253000634
213,-3.451249142903295,1.7587354319950126,-0.7608531609818371,25.15488171401718,-48.69230018097181,-49.6269733165101
214,-3.453040733306391,2.472513427524987,-1.1581964940346974,42.3577552322819,-45.44104103715733,-49.45919245531394
215,-3.4519230996259433,2.646303332625575,-0.881006295271902,42.355187069816736,-45.441069322801454,-49.459192965017245
216,-3.450762978798044,2.457191488806603,-0.6846424834818243,42.3633967524103,-45.44083494061216,-49.4591856348616
217,-3.451029281398496,1.576129080903515,-0.725142587465639,19.746322385687794,-48.214479332510095,-49.481825526650304
218,-3.4506487341688716,2.079296275147962,-0.6955266526910462,33.385455307717784,-45.3366699592287,-49.37023854697198
219,-3.4496050281594477,1.1943498770539862,-0.5828715857838216,8.3726017635838,2.081514087943292,-45.72823080413211
220,-3.449435828060857,1.3212601091371867,-0.49756597870703895,11.875757084880023,1.5792400586221558,-45.530306215731436
221,-3.4491353362874646,1.5050180081456068,-0.4458246597581259,16.511448206370506,-3.057988822119706,-45.16696876183377
222,-3.4507060380018286,1.3427669866528702,-0.6725898697807783,13.366076877331793,-7.553026100180571,-45.44846787086103
223,-3.4505766749989126,1.3672833676221123,-0.6717923348215141,13.365579388358709,-7.553037384876208,-45.44847416229279
224,-3.4491606398496066,1.6092076719801214,-0.44852036691724384,17.582386672426285,-10.972797804834949,-45.41076044768503
225,-3.450974127403874,1.6494682700332977,-0.7449074709092911,17.56625116223968,-10.97271394557529,-45.410814902283704
226,-3.4503275122533315,1.5242156378443579,-0.6253535117581732,17.58070805514573,-10.972154993600306,-45.41077010432129
227,-3.451018539988229,1.5453128512748557,-0.6932147966127301,17.581251036806282,-10.972262804168533,-45.410769772901794
228,-3.451548923625067,1.482772776706401,-0.8566798550671553,17.588318046591848,-10.971912242555982,-45.41070919791128
229,-3.4507010244022416,1.3887021105357775,-0.6552617337188522,14.049204540916538,-9.933105101763863,-45.302316731978735
230,-3.449770991973577,1.5647205891767202,-0.5274918437134166,16.308352224040032,-4.82183797502981,-45.29160572308948
231,-3.4496315265898176,1.5164131535778227,-0.5110830362215802,16.311911149559805,-4.821906450846537,-45.29160519481041
232,-3.4513639395778,1.5103418605277459,-0.8007705809329698,16.31294348853061,-4.825153669487092,-45.291702947925224
233,-3.4499553947046433,1.5331520997631238,-0.5788828379454362,16.33041060091019,-4.823331724950192,-45.29149795955721
234,-3.450736338995819,1.769502032356514,-0.6960242803667887,22.71279256778519,-3.3477575417131122,-45.208713546213794
235,-3.4507389642465123,1.1809947238915988,-0.6638128730235606,9.709143053738147,-6.999726297509957,-44.50952013820683
236,-3.4493172572020274,2.1036708566644857,-0.4748070164050576,31.45589490658412,-5.849944048796236,-44.301977368541436
237,-3.4498610907481004,2.218719534366416,-0.5437857610478378,31.459709116751274,-5.850010493026319,-44.301972449821555
238,-3.4505142709037213,2.1377273891693642,-0.6797519958590234,31.46330080226626,-5.850063536271726,-44.30196968362226
239,-3.4511624023245395,2.1042368421957005,-0.8005572820484167,31.465152360982028,-5.849918179678599,-44.3019540948411
240,-3.4525459629428803,2.150308870410811,-1.0128075708725337,31.398789145802812,-5.848196419673741,-44.3019078063105
241,-3.4518605134184996,1.438901107507473,-0.8035038905316285,16.166047577053867,-28.939164183207687,-39.825928427485046
242,-3.4515788597951107,1.739224476003867,-0.8170765373606971,21.656756006862107,-27.471370804822985,-39.66369222828705
243,-3.452253500459908,1.456550562778322,-0.9116812591559114,16.71069856331838,-28.45302961796272,-39.736623907286535
244,-3.451257061318556,1.6718121930373635,-0.7172041124941609,20.689898294484202,-27.005020447798998,-39.6485638422944
245,-3.448751860253387,1.728466802840135,-0.30630571388651456,20.64389174327647,-27.007435207646754,-39.64874337720488
246,-3.45075230898435,1.8254716021440391,-0.7117432052673939,24.356817527612677,-25.916685210987673,-39.547481479568006
247,-3.4505872908091466,1.1350313925421416,-0.7051079162029028,8.687725381631475,-1.2403350478254451,-38.37585533026409
248,-3.451028714285425,1.0627684967737332,-0.7574369664451296,6.48190042800488,2.9810369423638083,-38.71717734016568
249,-3.451618027219476,1.8123542766578145,-0.8262043703185602,26.326348463617993,-41.80387317480457,-45.311797635171125
250,-3.450802128376084,1.7039408043180098,-0.6994472164377392,21.36384594980924,-41.433910660691,-45.293728867296636
251,-3.4503134339842703,1.5164715199670709,-0.549568328648277,17.614512803439112,-41.5714336341487,-45.29621316893345
252,-3.4514785817882703,1.6166126158657854,-0.7535037676796628,20.75532527011452,-40.935565310095036,-45.25355090552787
253,-3.4506151125012536,1.6276047684149704,-0.6452801197736898,20.756311711500892,-40.93538289870829,-45.253544298472264
254,-3.4527044428400266,1.7267038334125158,-1.0373449325696968,23.020337808108465,-40.26393011491314,-45.154995814089744
255,-3.4503029955441242,1.6594458392650755,-0.5528540839032481,20.772185810202824,-39.45365605908394,-45.11565262915172
256,-3.4506222214960562,1.6983962106013246,-0.6505125010137541,20.76832039518034,-39.45367453638665,-45.11565427702407
257,-3.4502771774180365,1.642095969380068,-0.5376669432686153,19.73054886661176,-38.69747951575175,-45.10530685491044
258,-3.450377728941804,2.303626172911136,-0.6499255742539642,39.51553400815211,-34.179671692289396,-45.1221283716972
259,-3.452224720151585,2.353762826126126,-0.9634597112817738,39.60178117823162,-34.181503617309716,-45.12212241555915
260,-3.4514412298971617,2.5468076459490288,-0.7946678839037444,39.65404779055361,-34.180666827484025,-45.12208926482225
261,-3.450945478830929,2.3955737336573373,-0.7686150282174045,39.6547127630167,-34.1806444252935,-45.12208846732005
262,-3.4539342986688615,2.8458954547451043,-1.2404515291246487,50.0,-35.67646415003704,-45.20694696828552
263,-3.4500103783949747,1.607518108593113,-0.4786396769133623,19.401703873594723,-37.17148607389741,-45.19170219494545
264,-3.4520809295725345,2.0687323871676635,-0.9625023747797335,31.062099218563343,-34.39592109137098,-44.948851899506494
265,-3.452893940686487,2.0200710379895805,-1.0647404841390737,31.05975789615985,-34.39601878358432,-44.948855454359276
266,-3.450024773182776,2.0327296652211735,-0.5965496019026906,31.067470035153097,-34.395483710910256,-44.948835840594754
267,-3.451117482853674,1.5021404152410178,-0.7004894524626575,17.60719902161736,-36.79959745243846,-44.97869756540861
268,-3.4505636171507392,1.7797605810873987,-0.6924805088689344,24.175936375049677,-35.45728846547678,-44.964506726802384
269,-3.452632456678637,3.225224724464231,-0.9537861330548735,50.0,50.0,-42.36907217892108
270,-3.4529568292380666,1.8495085252725927,-1.019423378578363,21.181936335568587,49.626641222413,-42.36914803254048
271,-3.4505873158723963,2.20030635942616,-0.6743201569362015,29.778409545251645,47.872456426164256,-42.41710921591295
272,-3.450440588635697,1.7130900035939765,-0.6993014164603788,20.674423248226102,47.57293906246796,-42.45246623242493
273,-3.450613460532009,1.7541295042541778,-0.7413898802906933,20.672642012814418,47.57276770649478,-42.45246693457176
274,-3.450908616216924,2.5629884184338163,-0.7443807969217866,39.87441049169889,45.754034863659875,-42.52062722224268
275,-3.4507897424970633,2.427460603979906,-0.7295889723623672,39.87644411215904,45.75404019318518,-42.520625927096745
276,-3.4515637928343894,1.9286806945011865,-0.8249483102397274,23.33122046882774,44.62264795352326,-42.530710748277244
277,-3.44869094467473,1.811021913046821,-0.41748970262340257,23.32693103825602,44.62349512376532,-42.53069254512667
278,-3.4492053428544707,1.9731387711925847,-0.4547543196986074,27.806083112815998,42.8781488718543,-42.46000883805425
279,-3.4501206438253424,2.0633524026350982,-0.6199197167886485,27.799688768252263,42.87800794948128,-42.460009787579374
280,-3.4503641740188895,1.9558913527658053,-0.7207699799902664,27.803149101818807,42.87793249844984,-42.460004642903876
281,-3.4506588407204206,2.0572578694698156,-0.7090201731834598,27.80175700181366,42.87791121227269,-42.46000555589405
282,-3.4510451114753886,1.8676607462670851,-0.764770633891828,22.589560184479783,42.707488951295296,-42.46881011855225
283,-3.450123083096097,1.8595413931830633,-0.5647701638905651,22.590807876596223,42.707675711208516,-42.46880599686191
284,-3.4480707117011558,1.8938182245649493,-0.2742420959322213,27.036908430259928,41.48996130148986,-42.41818903928808
285,-3.450207914006317,1.9630235862959897,-0.6529500466650509,27.031609580947944,41.4901045373293,-42.41819870575634
286,-3.44944516467976,1.9945570410406985,-0.5627529311769189,27.033323089817326,41.49020332185225,-42.41819538383651
287,-3.450008426405387,2.305974989574843,-0.6285176228391377,39.15961873479217,39.08838397940254,-42.4457574256675
288,-3.450895078338982,1.796415120524822,-0.7944880577846973,23.719262476143523,38.65963798536124,-42.43283660171836
289,-3.451144997909211,2.9109064159823776,-0.709879036420613,50.0,-50.0,-42.9223122250171
290,-3.451276679750322,2.9932287893213894,-0.7627611519734969,49.998652359773956,-50.0,-42.922313307217244
291,-3.452092427062309,2.7796306578136747,-0.9095881110110604,49.999988325468955,-50.0,-42.92231431276486
292,-3.4514362742853693,2.021767076855465,-0.8068619787834223,30.878375753005315,-49.07548350780857,-42.90852016226713
293,-3.452550261477278,2.031177407619775,-0.9445155941939196,30.877955429465572,-49.07556564998459,-42.90852219781303
294,-3.4508803747589454,2.025083181420796,-0.70092372678228,30.87957448565821,-49.075485033880625,-42.90852359535679
295,-3.4503233416211834,1.7976503201565681,-0.6295311828650844,24.58578127660962,-49.11600232518017,-42.908893112704845
296,-3.45123033514613,2.0154445233544984,-0.7756729957224546,28.5616482461148,-48.14256802248988,-42.87672618086441
297,-3.4518806645815783,1.6109523664096232,-0.8207254335897505,20.389705425051513,-50.0,-42.93519109767314
298,-3.4497221431692435,1.657473652451449,-0.515628001407939,20.39089385192224,-49.99993511469026,-42.935213292854385
299,-3.450633557923447,1.9648601186705354,-0.6123115035565292,25.6584334974135,-48.98819812220586,-42.87032445604109
300,-3.450426652905304,1.8856096838162866,-0.598684815520255,25.65902986524009,-48.988085057985124,-42.87032023000371
301,-3.4516521557467086,1.6245400803008934,-0.7715280803422105,19.543150351853015,-49.52092289179305,-42.88874433912767
302,-3.4507805140122136,2.0352646018382017,-0.7121815494663222,30.531785002820126,-47.70785594276059,-42.78320793180842
303,-3.4483322774893006,1.9546975163598859,-0.2929735386031568,25.509812299868962,-46.92126377112576,-42.763591194383636
304,-3.453268724341634,1.9714916388160213,-1.1725598067009877,32.05399891091197,-45.061544110760615,-42.629768677701854
305,-3.449576620369392,1.9544755283394113,-0.5076982540549899,26.574549409009585,-45.50242517428441,-42.622961630776096
306,-3.4516667217437575,1.8168290306676764,-0.8459024176270615,22.2055511101553,49.99280778106503,50.0
307,-3.450798605307184,2.4981463602189864,-0.6977372308916195,39.395768107470914,46.67769280099714,49.92777694759784
308,-3.4505540000298063,2.573316572730075,-0.6376010727098514,39.392786351089065,46.67770645407773,49.92777621326997
309,-3.4510305177442353,2.079926056302989,-0.7593867257397573,29.915776416327756,44.61370637652692,49.89761323832241
310,-3.4495402567694953,1.8510237492084032,-0.5451306106230002,23.870752543194534,43.356295708210304,49.93137034649612
311,-3.4503288679822446,2.3074088306853135,-0.621898747208649,35.36952304089676,41.92352647496172,49.94971475689329
312,-3.4508543040564144,2.2801751313957164,-0.6925777966864036,35.36879241218811,41.92349715534154,49.94971381517079
313,-3.45079566090709,2.320060495100294,-0.7717303947028473,35.3667137163752,41.92343007701939,49.94971161514783
314,-3.452300438370974,2.4200424409088175,-0.946041927195594,35.36670296275707,41.923393192002955,49.949712144090874
315,-3.4535772981608677,2.0956163059987225,-1.207762628927644,29.50366038514351,41.791954069361196,49.974396619020474
316,-3.4508253074662485,2.2982000266358154,-0.748485761803762,36.36253728185689,39.73555174087046,49.992475607759886
317,-3.4514256938013093,2.023534444348855,-0.8373928095192193,27.55554435491156,39.206715946469345,49.99999775293146
318,-3.4514884954726073,1.780597768052149,-0.8354003238208552,21.362514496878596,37.989560103835096,49.99596848145592
319,-3.4487089419828267,1.6283391278597945,-0.39874640541975787,18.66179332215348,37.65415576292806,50.0
320,-3.4504707691206358,2.519859515492132,-0.6664923597322295,39.929835303518004,32.793799476801816,49.99999999703691
321,-3.4519105248707325,1.880984422095565,-0.8415691969919525,22.33888660737709,31.681514084253518,49.981889863981635
322,-3.450719630249116,1.7628415992571747,-0.7077052397792195,22.328526363083643,31.681368746848904,49.9818720570026
323,-3.450989852393603,2.179707224609252,-0.7961762699555529,34.176305323075816,28.601814243670926,49.912605467359384
324,-3.4515853927525093,2.306820678473061,-0.8000796124645673,34.17532859749351,28.60178452601426,49.912604538523176
325,-3.4499232060795912,1.0618501577955264,-0.5379683562859567,6.3930898784463475,-4.512071592478581,-20.239361314615195
326,-3.4498717038780162,1.6132278222036296,-0.5555747190036017,18.32641212345138,0.7568107663041631,-20.00675752689397
327,-3.4513550638635904,2.369440398064328,-0.8191281037221992,37.34989171626112,-0.6478658699501407,-19.913107146609008
328,-3.4517306840093545,2.7932793901923887,-0.826173171623443,47.368477725734856,1.0881215983305603,-19.914074898810398
329,-3.4515317324951753,2.717631500835112,-0.8413502836232858,47.368815944017946,1.0881261999467675,-19.914074682393963
330,-3.452324186850535,2.9020341128466254,-0.9947002647573092,47.36285926321769,1.088009139408196,-19.914078094459153
331,-3.451911448673562,1.3603506630884152,-0.86015375358716,12.536085517220117,-12.59129068586271,-19.82937294925968
332,-3.45218665629121,1.321445442085294,-0.9013557472596906,11.648642468829184,-12.672389467437862,-19.81065732361702
333,-3.450591150421555,1.5761483145433033,-0.6080098606980407,17.315663567883785,-10.095609601404579,-19.72472153394046
334,-3.4537338789194245,2.6199535692228157,-1.1624495347053563,44.204751455448026,-8.066650125759216,-19.97947142464909
335,-3.450982182009654,1.230491501013014,-0.7124436961469487,10.726519922332136,-11.864330845088228,-20.052854704252514
336,-3.4529872710280256,2.1546265717924884,-1.1289829586510292,34.96801015152686,-4.488656663128593,-19.143004337085454
337,-3.4509450724928357,1.475072179113847,-0.7310690406157063,14.551189206550863,-4.874112509040369,-18.994738631465058
338,-3.450409091670773,1.4970494699463182,-0.6229665288364046,15.975678986922944,-2.9422002914165732,-19.438797920162997
339,-3.449577299177767,1.5138027016073436,-0.48434819149178426,16.006669957186574,-2.9416875094916417,-19.438533592094903
340,-3.4499138223316814,1.4795207766602287,-0.5942346269060756,16.01060185361443,-2.9417900991018193,-19.43852487438113
341,-3.4505473030144476,1.5061438940329361,-0.6605884328968005,16.01220880567017,-2.941773428475185,-19.438522066105122
342,-3.4519532414809615,2.1132885697814174,-0.8788169651302512,29.152141967169914,1.5309116265670124,-19.102616443549365
343,-3.4518263832589713,1.9976457117450415,-0.8804193446786053,29.15344795092929,1.5309310993322096,-19.10261429291837
344,-3.4528897441407116,2.057590478021503,-1.0426555129229116,29.140168088476177,1.5302531291531398,-19.10264231283578
345,-3.450620877657489,1.1647781420409058,-0.6437683864717487,8.338745906736227,-5.125226669995887,-19.230591165899998
346,-3.4515286735769313,1.902544235300684,-0.8356514627790557,24.33911172218506,0.6370149308441156,-18.372556827524008
347,-3.450558257559751,1.825190475563114,-0.6944606156308384,24.363882163316028,0.6375100575020823,-18.372494484336094
348,-3.4502056532384118,1.0872710800290106,-0.6363304668725384,7.413125626322054,-1.5947070171365254,-18.109967976381235
349,-3.450863937985441,1.6679438612913016,-0.7437952658495528,21.321354132869654,9.176896769849142,-17.530909607869845
350,-3.450730817302325,1.6917391840756262,-0.731806887880451,21.32158878221072,9.176905072801386,-17.530909221725878
351,-3.4513616570574253,1.2228394493815156,-0.7077484421741952,9.54089275038789,-8.940225875088263,-20.514289128175587
352,-3.4514953702113016,1.6946202240264459,-0.8153667737155008,19.91622226961946,-4.213396668975019,-20.660446351867524
353,-3.450542836780604,1.6732406187795337,-0.6580922143347101,19.926083078530617,-4.212403585461229,-20.66039258194888
354,-3.4524026278445903,1.6236389599587706,-0.9632012812451278,19.910724441846266,-4.213385612552401,-20.66043891664934
355,-3.4500995512244033,1.69685440095851,-0.569689766421009,19.982356718108996,-4.208986925971943,-20.66008098541843
356,-3.4493549019954584,1.6469904550725993,-0.46726727828406384,19.976215738218492,-4.208780615015844,-20.66008477226214
357,-3.450793229898273,1.3452910377948775,-0.6909321374531786,12.399706548861102,-5.446290529707995,-20.61326390092426
358,-3.4500978906384,1.5103797218975288,-0.5744155999496809,16.768803522868968,-3.720798081384809,-20.443790806170394
359,-3.450607311033375,2.147481033051107,-0.6644010224588485,31.567101692764847,-10.522901254897564,-20.832057977030672
360,-3.450796810425576,1.4834306725983935,-0.6808130411150732,15.199847185850054,-10.232048426138551,-20.813049722700743
361,-3.451158024983206,1.265560281988131,-0.7224998565365303,10.694320809954329,-12.63875241625158,-20.891584186156667
362,-3.450025565465327,2.7410249116530996,-0.5884421495196114,48.827654818761715,-4.88834001219012,-21.005810835568838
363,-3.450186362977202,2.90099811070657,-0.6426845510188631,48.825471023245626,-4.888365600074379,-21.00581192057081
364,-3.454046619599262,2.9269859908264184,-1.2285437232355476,48.826318813288545,-4.888500705926176,-21.005811415037105
365,-3.451339291574306,2.509208539925869,-0.8394150839272541,39.065209996634664,49.9999999999901,-16.67494362684255
366,-3.4524880951768817,2.530687797545439,-1.0329882335877514,39.062372881531,49.99987764628235,-16.67494364911139
367,-3.450518483798755,2.023271950266067,-0.6460053994820388,29.357576128662387,48.20451030235255,-16.70270085523818
368,-3.453069116527559,2.09422717158675,-1.1259744879394737,29.349311685556415,48.20405728801198,-16.702705979733835
369,-3.449745948825527,1.1180772307548497,-0.5789109842421611,6.019757651530857,0.24558981894653623,50.0
370,-3.450805479044406,1.880474773543707,-0.7386889894874847,24.70172391750473,-1.0823131411642464,48.829721926111226
371,-3.450301243288555,1.4237897481810937,-0.6757655260626957,13.901075946476078,21.083072393200908,49.908446698524656
372,-3.4520710368632144,2.8204796647596333,-0.929578410086649,45.36995214749484,16.76917464848749,49.80541881047114
373,-3.4510818946439117,2.569729738053044,-0.770508149622778,45.37680361205186,16.76927475392099,49.80542235093502
374,-3.4500750825654674,1.597312870441457,-0.6374694290326204,18.475794214907644,16.40389449621742,49.85642608483332
375,-3.4512271696549703,2.4591461874429434,-0.7454424076290903,40.301189827171484,9.907639176056216,49.659550388336676
376,-3.4510746648275323,1.7771706452212506,-0.7486364064644302,22.291538765777688,19.67204762224644,49.969650071095515
377,-3.450598181116104,2.0772561449159177,-0.6508198172316311,28.668106875806348,1.2044087389971203,49.851101735782755
378,-3.450022440420575,2.002778536770514,-0.6224443770160507,28.668547018702462,1.20442579251874,49.85110219185272
379,-3.4502085196113352,1.316736795519622,-0.5552670314983706,11.76573739181,-16.340410278348077,49.833809389978235
380,-3.4500105787930537,1.3516944906492532,-0.5481394487934959,11.765503756298871,-16.34038000362843,49.83381322273711
381,-3.4494583556544023,1.6228222278660738,-0.49682356653799303,19.70865075312173,-15.425037962696265,49.87665550885075
382,-3.451619081904398,1.4798985409626737,-0.864635185408615,16.43076508662441,-15.440499927356715,49.975869311198046
383,-3.4497005432116152,1.6103730033618002,-0.5209233893752687,19.9832709006577,-13.28098708502208,50.0
384,-3.4495077709296176,1.6654493692944525,-0.5118925446188313,19.983024858586514,-13.280976543277738,49.99999936709778
385,-3.448567052285556,1.5217739346621877,-0.3754945030564161,16.53990445229333,26.255106694831667,48.281259772583525
386,-3.4529550081963576,2.653585327120323,-1.1061912383414694,44.03212852228718,23.274123134658236,47.97745330764866
387,-3.449935295007359,1.6438981505205013,-0.5890913973186505,18.897470233964476,20.99353352819308,47.97715081700227
388,-3.450452160410848,1.219916329542339,-0.6411779584658912,9.039506070607821,-12.184333174513219,47.95581832887472
389,-3.4528825540694252,2.027650869365637,-1.0910516228907043,30.93344950701809,-16.762987606914958,46.59570554057144
390,-3.4516473714793787,2.0133013966550184,-0.8949716256399568,30.936455576915147,-16.762709543317072,46.59571852599593
391,-3.4505050432077176,1.5133636069443677,-0.6281184084597874,16.46914064684103,-20.640326291719667,46.58620947825029
392,-3.449778074546495,1.5225406363551202,-0.5542470241005796,16.46992300369648,-20.640147287649455,46.58621560398715
393,-3.4500114308802363,1.9966667407247571,-0.5290867452431616,30.509694044397307,-17.537238894050084,46.64791855877097
394,-3.451855038192879,1.5662865942204636,-0.8800605716446703,18.305295179780018,-16.74105858529677,46.709180716588506
395,-3.4490976412907903,1.635216867581064,-0.4484032828275214,18.336166108892805,-16.73887076230719,46.709350114106385
396,-3.44982100446943,1.6026497181595418,-0.5149301366381575,18.33585406901214,-16.738923298738776,46.70934918393796
397,-3.451333869720302,1.2300764255217327,-0.8195704845943981,9.713938624056437,-9.698562460733262,47.25480594093331
398,-3.4521427127537114,1.4792671352731315,-0.9120069192801754,15.813138982626388,-8.21611394107557,47.29813770967887
399,-3.452426355331189,2.342992605186808,-1.0093203124338965,39.227963115296994,-0.7380827581356693,47.52329666171744
400,-3.450478978094754,2.345725409373301,-0.6733469701779347,39.237121693272265,-0.7375529613331527,47.52332334741098
401,-3.452590332480366,2.4225324067801988,-0.9929341424600924,39.242720623251586,-0.737614783784763,47.52332328119071
402,-3.4489177657424896,2.4110382736885025,-0.3544658651684853,39.24481860361603,-0.7377747240040389,47.523320754866795
403,-3.4517627431355558,1.6979695093548712,-0.9045590263216222,21.46254916600641,2.860098211561416,47.79515132649191
404,-3.4493995241953472,1.270974440078213,-0.47543122547012606,9.453928241441066,0.05116223520180407,47.905864287528196
405,-3.4512435868068034,1.8462244023865222,-0.8062238542010948,24.776182583842925,-2.0765684449041286,47.64444129880357
406,-3.4504403852845367,1.8573890143787246,-0.6148153239948622,24.777748872842142,-2.0763715418082134,47.64444625731736
407,-3.4499441732785936,1.5562167992514953,-0.5416133767386745,17.154224120679586,9.67763318155653,48.001758028309524
408,-3.4527895315813275,2.834165321457782,-1.038466429612276,50.0,-1.265470486793903,47.47843921516538
409,-3.44931506726188,1.6442013785347995,-0.4771495158182781,19.835720710055487,-1.720217310326609,47.486479105082964
410,-3.4514698166545306,1.6696708583504958,-0.8254578649386087,19.86406042331036,-1.7197182352060667,47.48654348559931
411,-3.448828828571759,2.000306188225523,-0.34689552166164184,28.020117371755834,-5.693337992574887,47.47444443824017
412,-3.449899028618387,2.891641497330855,-0.5830064803537517,50.0,-5.459351072876309,47.44141572513858
413,-3.4507836479259058,2.8273616722752952,-0.7101485963334755,49.99999991919937,-5.459357914277504,47.44141530551796
415,-3.451595680390037,0.9042072414410034,-0.8046539340140918,3.7913308923737756,0.9292308970332795,-6.468100794959992
416,-3.4513723932131404,1.1243283171311036,-0.7378896726688514,7.067789507046154,0.7834654034300654,-4.214642596909314
417,-3.4507211195373597,1.6863415072242507,-0.6770583122436657,20.708457869765503,2.953187987191589,-3.959586355210731
418,-3.4514865145054,1.715436616143855,-0.822379876756454,20.70299669478416,2.953017748659725,-3.9595938269562914
419,-3.4498002664272343,1.2493612186052274,-0.5125479040555537,9.710118317016038,2.5856926369075137,-3.932293764485149
420,-3.4504676933711553,2.1871371048922503,-0.6476509909880839,35.942966741835775,-2.6145023062135317,-5.416085818326374
421,-3.4510435842540126,2.239988099759671,-0.787045515957274,35.94011938810946,-2.6145991662073453,-5.416088999319328
422,-3.450109355790626,2.260106386895205,-0.5856272719346957,35.93967086591025,-2.614497096455903,-5.416087274331831
423,-3.449368906141736,2.2766229099733493,-0.49248134799634696,35.94048646876728,-2.6144626088451766,-5.4160872682853585
424,-3.4514195104260006,2.3136778161509732,-0.8697934347504744,35.93722870966932,-2.6146511047914243,-5.416088781413086
425,-3.4515523594678985,2.3162712218107044,-0.8418132371620679,35.93741727707452,-2.614633491279424,-5.416088238183676
426,-3.449975696825806,2.333113465785943,-0.5737490509564521,35.93513018678129,-2.6146761110311085,-5.416096846398951
427,-3.4518931935839325,1.0695719756232251,-0.8115130286864455,6.591745368382567,-4.170072208677793,-5.488684600268412
428,-3.449980031798828,1.463511611063221,-0.5816510181067993,14.24780292455991,-0.09564047640650682,-5.090501951251493
429,-3.450298787279669,1.4360544792284125,-0.5930581826663821,14.247949342848607,-0.0956691948392073,-5.0905023151253905
430,-3.450013283907106,1.435655404529567,-0.575262571697946,14.248142392063217,-0.095623031295987,-5.090501785574742
431,-3.452464254887266,1.8519560649833628,-0.9677852595418982,22.26965497023569,4.326392313852954,-5.105454420170598
432,-3.4496410609727683,1.294324654366327,-0.5442517652806695,11.885650572699095,-0.3075709978489579,-4.823031464518816
433,-3.450986369155609,1.3658540873590441,-0.7138223525904105,11.91038941296382,-0.3088287790288481,-4.822831972927622
434,-3.4507594076180608,1.3337393027839701,-0.7159307971293806,11.91138612255229,-0.30875494038223344,-4.822822991878525
435,-3.4518230100762515,1.6228302730437012,-0.8382139753278189,18.31390630233538,-2.9069492502035055,-4.5698203733423295
436,-3.4520935935523713,1.6067899744032395,-0.9320696535862473,18.313995568340435,-2.9070605914264216,-4.569829337997091
437,-3.450955532630838,1.2050617865780116,-0.7266030442533306,8.390432556016883,-2.02549068966439,-4.462403783142531
438,-3.4512481187707467,1.2926434897085117,-0.8041516309928364,10.962643601578458,-1.011268276855874,-4.538865441721349
439,-3.449729487017114,1.3050033637539955,-0.5185354106871657,10.958042273558679,-1.0117047611663024,-4.539095081358943
440,-3.4498429131888155,1.7430897319292349,-0.5107398353663761,22.431730735422484,-5.121840633488558,-5.474231515262255
441,-3.451595292157474,1.2573685308686804,-0.8719238035526523,11.154057263436647,-4.955029973053986,-5.443214172657146
442,-3.450228673055228,1.441907832175576,-0.6605100350908538,15.886958380361671,-1.6626746671884114,-5.556371119968873
443,-3.45041177322252,1.4706975887021763,-0.6440220762443434,15.886123850275313,-1.6626481688570127,-5.5563752220508125
444,-3.4503195854845967,1.1672726025172988,-0.685439602837793,8.331258940979142,3.379872788121236,-4.195605473394103
445,-3.4516969014184236,1.680651225705662,-0.8821471494260957,19.79136723749876,-2.610153485764292,-4.828094732488181
446,-3.449754055310918,1.5981292725830627,-0.54595107240636,19.821182705256078,-2.6090198349205114,-4.82799839792067
447,-3.4496035423768165,1.0635242092833783,-0.5883311295921697,5.924466817180893,2.291067624206495,-4.425098000463254
448,-3.4507995396241613,1.6326052711634884,-0.7100735294052113,20.891922809424607,-30.02598280885007,-5.6798256351725
449,-3.451830258947072,1.8804551188205993,-0.8902117718008432,26.674961080112492,-28.57984517975486,-5.591739463448853
450,-3.4518524031609257,1.9071979762734568,-0.8981402247873012,26.674062216141703,-28.57987206431937,-5.591740925039899
451,-3.4516803135471257,1.8895603499563987,-0.8288804182446543,26.67590792520248,-28.57973541815362,-5.5917352449089135
452,-3.4499695420751126,1.0586043141001222,-0.5355499994772387,5.641719816405763,0.7969131154827839,4.496851774881283
453,-3.45068133564469,1.9494669447129673,-0.7063781066344489,26.70776058018268,-23.620489543036246,2.3340543620087133
454,-3.4506499911918125,1.5834523284888575,-0.6752767741343565,18.166919527698955,-24.665822520093894,2.298749386810928
455,-3.4488460787103774,1.638771312272699,-0.39194541325306564,18.20788246287024,-24.66371350160916,2.2988007017356096
456,-3.451301798944114,1.5799216272532906,-0.8235683532747031,20.30516104876237,-22.76035657956217,2.45204882005754
457,-3.4497939402495312,1.8453757229580823,-0.530978644701955,25.937157612816733,-21.55837168678724,2.4585433305686206
458,-3.4497327896580368,1.6840040017255227,-0.5491434014161413,20.164128967263917,-17.861424380352506,2.5535316638370222
459,-3.4520209278845573,1.827455850778831,-0.8608190940786699,23.802426541367847,-17.326902215614457,2.6595204102036574
460,-3.4504049532613865,1.4956106972979948,-0.6326704322710638,15.670512970833165,-17.95419885500141,2.737698053511193
461,-3.449199382677579,1.8438473338614079,-0.4431596096010219,23.914780765308816,-15.238362661338222,2.7303797241216583
462,-3.4507670170051155,1.831671578527466,-0.6382011039713381,23.915544839039047,-15.238575089270121,2.7303778824526663
463,-3.450369449400045,1.7497169079259176,-0.6802487577651883,23.917189457176747,-15.238600280520116,2.7303809773821053
464,-3.4509503068559417,1.735791012420514,-0.768402328432235,23.91554248648522,-15.238706190205901,2.7303783074684023
465,-3.4517930015738374,1.1587908890845553,-0.8362633444055124,7.950737130744267,-7.124084945762743,4.147771378140419
466,-3.449537746100766,2.1359117670215224,-0.5390386244204902,30.45623400904935,-27.2705078636369,7.4678444897359295
467,-3.4499279002183876,1.1477221524148,-0.547049159448723,7.058490130517984,-2.615640602484202,10.353058567358536
468,-3.4511305393252476,1.3489757650222796,-0.7453900401747725,12.746304027611755,-6.278557176927548,11.633129514901059
469,-3.4498614322878414,1.607480250766148,-0.5728498723730365,18.432268968407165,-2.245931395368452,11.570493081763447
470,-3.450890917726052,1.5818772104315568,-0.7090037267623718,18.42933570520534,-2.246275043249276,11.570487494904265
471,-3.4511235137368526,1.2676147026332645,-0.6869504318993975,11.006486562356365,-19.56561468109622,8.911898793662758
472,-3.4510466152815087,1.7983276159040251,-0.7240632284429295,23.661393951868472,-16.86503815271993,8.98615309853226
473,-3.451963729164039,1.8586802793024677,-0.8463925884191056,23.689152063885683,-16.864456218945623,8.986213203368326
474,-3.451485093277305,1.5466704504425604,-0.8616361472971495,16.939474051838847,-18.75650485923388,8.936500586728343
475,-3.4512026372599536,1.5304513001848052,-0.7696273273607116,16.943586121426268,-18.756075254695574,8.936532904637586
476,-3.4503785510226703,1.5781979100287042,-0.599738324944266,18.216298976415857,-16.200037832575358,9.176811634769491
477,-3.4508239202728648,1.448884831137943,-0.6467999757419604,15.618914578669227,-50.0,4.127640036535625
478,-3.4517829556721136,2.029695264835786,-0.8725089805613525,30.111392575319165,-20.21508910891434,5.1107627291360735
479,-3.4513720401774095,1.5970708776035922,-0.7584520480485247,18.182291373097843,-17.894413406167722,5.2484433296230195
480,-3.4514152356896264,1.760936620092059,-0.8192628468082066,21.684623145250296,-16.041500489073467,5.391880566464556
481,-3.4511181193432727,1.948059839506796,-0.7664871503171207,29.30376850101734,-11.700014305348898,5.512088136158548
482,-3.4494876586119045,1.6359463919987471,-0.5100305580699162,19.23898499010214,-12.60164950198012,5.606020878241911
483,-3.4509454950995004,1.0812088644317752,-0.7093328304753046,6.294612083533887,-3.0885894155368336,6.274464473384268
484,-3.4516876981647755,1.099687494773871,-0.789337771704913,6.9818869505699,-8.140900501355983,4.909008206164291
485,-3.449482952294268,1.6175055154637963,-0.49509369930694935,18.247199148102798,-4.636891452793141,4.854557086487817
486,-3.450575278581085,1.2176598500248925,-0.6093335148683781,8.65533557540293,-4.997081696940904,4.869601981174085
487,-3.4507256639400863,1.0303767181358938,-0.6870349469381115,4.724007835845168,-0.7654164514452414,6.615778439432742
488,-3.4510239687321325,2.2652653208168756,-0.7328617935620702,34.123601911825475,1.6608404343643879,4.456211372465925
489,-3.44912457972242,1.6624052340973807,-0.43206654772737985,19.55959538106458,1.4688536511110295,4.464508982344048
490,-3.451048890336723,0.9886765953254362,-0.7393828123895076,4.052410484250457,-1.3107180113731947,4.4154352292560075
491,-3.4498084667559303,1.4733121304422154,-0.49868364602816545,14.267941759399466,-0.4732262297742247,2.970182091028053
492,-3.4515912205105534,1.4252630538181816,-0.8966984404041706,14.287654641276385,-0.4740380237193712,2.9702253437560886
493,-3.449980235260819,1.425546879156947,-0.5521126404924479,14.29956168678998,-0.4726971434088711,2.9702695223199376
494,-3.449433393822114,1.1248545185569483,-0.49748578157388634,6.782863500127205,1.1409645378917104,3.1125202131742156
495,-3.4532136080157807,2.3206925678610664,-1.1258435703000502,36.522909350936644,-14.003773907194336,0.28861977736425726
496,-3.4509361653845776,2.339994823969632,-0.764956404384231,36.533633363141824,-14.003433865970011,0.2886267781944609
497,-3.4505890697903063,2.292663139329212,-0.6301981282919675,36.53685013843857,-14.003301170459304,0.28862988339499823
498,-3.450750968533612,2.3019018548187113,-0.6998239511792022,36.53597619354644,-14.003337231150278,0.2886295709472886
499,-3.450081811592396,1.3199241516322795,-0.5834794634674144,11.9797012673235,-15.140551389205296,0.3856429718885496
