M,h,n_slices,seed,seed_index,u,A,t,nd,E,gamma_min_pos,xi_M,Lambda,runtime_sec
30,-3.456,80000,232607230,0,-2.05,1.5,1.0,0.03,0.0,0.012559281750214004,79.62238764035695,2.654079588011898,2650.4635548591614
30,-3.456,80000,232607231,1,-2.05,1.5,1.0,0.03,0.0,0.011463357408208133,87.23447803206135,2.907815934402045,2628.2644925117493
30,-3.454,80000,232608230,0,-2.05,1.5,1.0,0.03,0.0,0.007165914711492829,139.54952581227087,4.651650860409029,2586.824628829956
30,-3.454,80000,232608231,1,-2.05,1.5,1.0,0.03,0.0,0.008811586364451209,113.48694305878038,3.782898101959346,2628.9611723423004
30,-3.452,80000,232609230,0,-2.05,1.5,1.0,0.03,0.0,0.004465457114800734,223.9412392262161,7.4647079742072036,2626.8356959819794
30,-3.452,80000,232609231,1,-2.05,1.5,1.0,0.03,0.0,0.005699981512642994,175.43916550990977,5.847972183663659,2627.8954451084137
30,-3.45,80000,232610230,0,-2.05,1.5,1.0,0.03,0.0,0.0011711980564775724,853.82655347597,28.460885115865665,2697.2596640586853
30,-3.45,80000,232610231,1,-2.05,1.5,1.0,0.03,0.0,0.0013052018475067707,766.1650203071847,25.53883401023949,2718.363742828369
30,-3.448,80000,232611230,0,-2.05,1.5,1.0,0.03,0.0,0.0034755710568439837,287.72250189816486,9.590750063272163,2706.8831074237823
30,-3.448,80000,232611231,1,-2.05,1.5,1.0,0.03,0.0,0.0018967185612044908,527.2263478905171,17.57421159635057,2700.617899417877
30,-3.446,80000,232612230,0,-2.05,1.5,1.0,0.03,0.0,0.006635774242816912,150.69831543507968,5.023277181169322,2707.320796728134
30,-3.446,80000,232612231,1,-2.05,1.5,1.0,0.03,0.0,0.006801936853182188,147.0169484934522,4.90056494978174,2780.942838907242
30,-3.444,80000,232613230,0,-2.05,1.5,1.0,0.03,0.0,0.010226690339244754,97.78334601200514,3.259444867066838,2786.5935451984406
30,-3.444,80000,232613231,1,-2.05,1.5,1.0,0.03,0.0,0.009494906276618137,105.31962832140525,3.510654277380175,2777.055627346039
40,-3.456,80000,242607230,0,-2.05,1.5,1.0,0.03,0.0,0.010564494787086171,94.65667977065786,2.3664169942664466,3809.5648624897003
40,-3.456,80000,242607231,1,-2.05,1.5,1.0,0.03,0.0,0.010810889677713008,92.49932519999086,2.3124831299997717,3810.79860830307
40,-3.454,80000,242608230,0,-2.05,1.5,1.0,0.03,0.0,0.007764778079224941,128.78668131875537,3.2196670329688843,3784.597771167755
40,-3.454,80000,242608231,1,-2.05,1.5,1.0,0.03,0.0,0.0074776298308922165,133.73221496853395,3.3433053742133487,3816.899624109268
40,-3.452,80000,242609230,0,-2.05,1.5,1.0,0.03,0.0,0.0043476113765285995,230.0113587425704,5.7502839685642595,4080.858677148819
40,-3.452,80000,242609231,1,-2.05,1.5,1.0,0.03,0.0,0.004471330813882375,223.6470620548244,5.59117655137061,4077.4787213802338
40,-3.45,80000,242610230,0,-2.05,1.5,1.0,0.03,0.0,0.0011420282393698336,875.6350898571438,21.890877246428595,4080.1192858219147
40,-3.45,80000,242610231,1,-2.05,1.5,1.0,0.03,0.0,0.0010953471675721664,912.952559339243,22.823813983481074,4084.2777891159058
40,-3.448,80000,242611230,0,-2.05,1.5,1.0,0.03,0.0,0.0019467280188091348,513.6824406584165,12.842061016460411,4083.1651678085327
40,-3.448,80000,242611231,1,-2.05,1.5,1.0,0.03,0.0,0.0015985769199214903,625.5563855188852,15.63890963797213,4070.75439620018
40,-3.446,80000,242612230,0,-2.05,1.5,1.0,0.03,0.0,0.00461408025936514,216.72791624513093,5.418197906128273,3873.891949892044
40,-3.446,80000,242612231,1,-2.05,1.5,1.0,0.03,0.0,0.005349854121537396,186.92098462539545,4.673024615634886,3613.9495911598206
40,-3.444,80000,242613230,0,-2.05,1.5,1.0,0.03,0.0,0.007847403541586761,127.43068388169037,3.1857670970422594,3690.374309539795
40,-3.444,80000,242613231,1,-2.05,1.5,1.0,0.03,0.0,0.007147496799845554,139.90912175317217,3.497728043829304,4093.36061167717
50,-3.456,80000,252607230,0,-2.05,1.5,1.0,0.03,0.0,0.007539405817589393,132.63644698193661,2.6527289396387324,3327.157514333725
50,-3.456,80000,252607231,1,-2.05,1.5,1.0,0.03,0.0,0.007809861694447457,128.0432406006582,2.5608648120131643,3300.876804113388
50,-3.454,80000,252608230,0,-2.05,1.5,1.0,0.03,0.0,0.005238397778930064,190.89806505764224,3.817961301152845,3309.0253088474274
50,-3.454,80000,252608231,1,-2.05,1.5,1.0,0.03,0.0,0.006177420558549431,161.87986401800333,3.2375972803600668,3361.7494225502014
50,-3.452,80000,252609230,0,-2.05,1.5,1.0,0.03,0.0,0.0024032272944079784,416.1071249177637,8.322142498355275,3337.48544549942
50,-3.452,80000,252609231,1,-2.05,1.5,1.0,0.03,0.0,0.003579907972219975,279.3367895934708,5.586735791869416,3331.4551203250885
50,-3.45,80000,252610230,0,-2.05,1.5,1.0,0.03,0.0,0.000982181865653888,1018.1413798902199,20.362827597804397,3335.889444589615
50,-3.45,80000,252610231,1,-2.05,1.5,1.0,0.03,0.0,0.0005629766381127021,1776.272641352145,35.5254528270429,3303.430331468582
50,-3.448,80000,252611230,0,-2.05,1.5,1.0,0.03,0.0,0.0013965651551103068,716.0424963638848,14.320849927277695,3310.888644695282
50,-3.448,80000,252611231,1,-2.05,1.5,1.0,0.03,0.0,0.0020143128087025263,496.4472229336253,9.928944458672506,3266.864597558975
50,-3.446,80000,252612230,0,-2.05,1.5,1.0,0.03,0.0,0.004329730964065066,230.96123253374785,4.619224650674957,3272.730311155319
50,-3.446,80000,252612231,1,-2.05,1.5,1.0,0.03,0.0,0.0034884735138588177,286.65833237009093,5.733166647401819,3110.46689081192
50,-3.444,80000,252613230,0,-2.05,1.5,1.0,0.03,0.0,0.006706699391228089,149.10464025090087,2.9820928050180173,2548.1262278556824
50,-3.444,80000,252613231,1,-2.05,1.5,1.0,0.03,0.0,0.00637159676877258,156.94652946354597,3.1389305892709194,2535.972326517105
