Lx,Ly,h,ensemble,p_target,boundary,t,u,A,n,mean_B,std_B,mean_absB,P_absB1,P_B0,mean_B_float,max_integer_residual,mean_p_eff,std_p_eff,mean_gap,median_min_abs_energy,mean_runtime_sec,P_absB1_sem_binomial,L
20,20,-1.2,fixed_count,0.03,right_TAI_boundary,1.0,-2.05,1.5,200,1.0,0.0,1.0,1.0,0.0,0.9999999999999999,1.3877787807814455e-14,0.03,0.0,0.0070970855630923604,0.0036442642757283997,2.600889427526854,0.0,20.0
20,20,-1.19,fixed_count,0.03,right_TAI_boundary,1.0,-2.05,1.5,200,1.0,0.0,1.0,1.0,0.0,1.0000000000000004,1.3322676295501878e-14,0.03,0.0,0.00579812974421784,0.00295644945882915,2.61134337449912,0.0,20.0
20,20,-1.18,fixed_count,0.03,right_TAI_boundary,1.0,-2.05,1.5,200,1.0,0.0,1.0,1.0,0.0,0.9999999999999997,1.3988810110276972e-14,0.03,0.0,0.004659842833631356,0.002388962621008,2.5970065859844906,0.0,20.0
20,20,-1.17,fixed_count,0.03,right_TAI_boundary,1.0,-2.05,1.5,200,0.99,0.09974842727441167,0.99,0.99,0.01,0.9900000000000001,1.0658141036401504e-14,0.03,0.0,0.0033079143953777014,0.0017016198044238501,2.598283381490037,0.007035623639735147,20.0
20,20,-1.16,fixed_count,0.03,right_TAI_boundary,1.0,-2.05,1.5,200,0.955,0.20782433633689137,0.955,0.955,0.045,0.9550000000000002,1.0658141036401504e-14,0.03,0.0,0.0021235333657008064,0.0011077326292917,2.6027124725235624,0.014658615214269054,20.0
20,20,-1.15,fixed_count,0.03,right_TAI_boundary,1.0,-2.05,1.5,200,0.835,0.37211199481260626,0.835,0.835,0.165,0.8350000000000002,1.2212453270876722e-14,0.03,0.0,0.001073108944214755,0.0005484148060800999,2.6016306680440904,0.02624642832844119,20.0
20,20,-1.14,fixed_count,0.03,right_TAI_boundary,1.0,-2.05,1.5,200,0.39,0.4889739025622274,0.39,0.39,0.61,0.38999999999999957,1.1324274851176595e-14,0.03,0.0,0.0007148972031248834,0.0002416015951188,2.6492503590509298,0.03448912872196107,20.0
20,20,-1.13,fixed_count,0.03,right_TAI_boundary,1.0,-2.05,1.5,200,0.01,0.09974842727441166,0.01,0.01,0.99,0.010000000000000182,1.2068438041331012e-14,0.03,0.0,0.0015883770261996195,0.00077520441545065,2.6486870914977043,0.007035623639735145,20.0
20,20,-1.12,fixed_count,0.03,right_TAI_boundary,1.0,-2.05,1.5,200,0.0,0.0,0.0,0.0,1.0,9.978990313091785e-17,1.1017088021625014e-14,0.03,0.0,0.002912220212700388,0.0014084680675970499,2.6507979044830425,0.0,20.0
20,20,-1.11,fixed_count,0.03,right_TAI_boundary,1.0,-2.05,1.5,200,0.0,0.0,0.0,0.0,1.0,1.6490292535976817e-16,1.2527851495320184e-14,0.03,0.0,0.004159629981810857,0.0020359590503662497,2.636105018942617,0.0,20.0
20,20,-1.1,fixed_count,0.03,right_TAI_boundary,1.0,-2.05,1.5,200,0.0,0.0,0.0,0.0,1.0,-3.772049503474579e-16,1.4259486821894766e-14,0.03,0.0,0.005149831920239707,0.0025390203571382,2.6255669724568724,0.0,20.0
30,30,-1.2,fixed_count,0.03,right_TAI_boundary,1.0,-2.05,1.5,200,1.0,0.0,1.0,1.0,0.0,0.9999999999999987,1.498801083243961e-14,0.03,0.0,0.007007874219127221,0.0035180551584995,10.143587669474073,0.0,30.0
30,30,-1.19,fixed_count,0.03,right_TAI_boundary,1.0,-2.05,1.5,200,1.0,0.0,1.0,1.0,0.0,0.9999999999999987,1.454392162258955e-14,0.03,0.0,0.005701558732222425,0.0029095161026604,10.116325274473056,0.0,30.0
30,30,-1.18,fixed_count,0.03,right_TAI_boundary,1.0,-2.05,1.5,200,1.0,0.0,1.0,1.0,0.0,0.9999999999999991,1.3877787807814455e-14,0.03,0.0,0.004443375563825411,0.0022340563643916,10.449337264006026,0.0,30.0
30,30,-1.17,fixed_count,0.03,right_TAI_boundary,1.0,-2.05,1.5,200,1.0,0.0,1.0,1.0,0.0,0.9999999999999989,1.5654144647214707e-14,0.03,0.0,0.0032111918753340886,0.0016405965210367001,10.632361762505024,0.0,30.0
30,30,-1.16,fixed_count,0.03,right_TAI_boundary,1.0,-2.05,1.5,200,0.99,0.09974842727441166,0.99,0.99,0.01,0.9899999999999995,1.3100631690576847e-14,0.03,0.0,0.0020089142692786884,0.00101987788552795,10.640739284488372,0.007035623639735147,30.0
30,30,-1.15,fixed_count,0.03,right_TAI_boundary,1.0,-2.05,1.5,200,0.845,0.3628128523483503,0.845,0.845,0.155,0.8449999999999993,1.376676550535194e-14,0.03,0.0,0.0008154858433196009,0.00041390742264945,10.607766073527745,0.02559052559053839,30.0
30,30,-1.14,fixed_count,0.03,right_TAI_boundary,1.0,-2.05,1.5,200,0.255,0.436954972784618,0.255,0.255,0.745,0.2549999999999989,1.3618958448544475e-14,0.03,0.0,0.000573574702171093,0.00023998392061605,10.622968660532496,0.030820042180373472,30.0
30,30,-1.13,fixed_count,0.03,right_TAI_boundary,1.0,-2.05,1.5,200,0.0,0.0,0.0,0.0,1.0,-8.88230634558229e-16,1.624512477928067e-14,0.03,0.0,0.001682337017929641,0.00082103585363525,10.611462431000545,0.0,30.0
30,30,-1.12,fixed_count,0.03,right_TAI_boundary,1.0,-2.05,1.5,200,0.0,0.0,0.0,0.0,1.0,-1.2535526792207746e-15,1.2415206850351686e-14,0.03,0.0,0.002976201118125285,0.0014715777815962,10.61700854551047,0.0,30.0
30,30,-1.11,fixed_count,0.03,right_TAI_boundary,1.0,-2.05,1.5,200,0.0,0.0,0.0,0.0,1.0,-1.6051585818195086e-15,1.7307518391630637e-14,0.03,0.0,0.004125065515994393,0.00204995900188565,10.61012214948889,0.0,30.0
30,30,-1.1,fixed_count,0.03,right_TAI_boundary,1.0,-2.05,1.5,200,0.0,0.0,0.0,0.0,1.0,-1.2213937374415324e-15,1.6594102306830142e-14,0.03,0.0,0.005363789009678044,0.0026752902473668,10.625695075034164,0.0,30.0
40,40,-1.2,fixed_count,0.03,right_TAI_boundary,1.0,-2.05,1.5,200,1.0,0.0,1.0,1.0,0.0,0.9999999999999986,1.9095836023552686e-14,0.03,0.0,0.006950804115763875,0.0034802969818853004,26.700349712995813,0.0,40.0
40,40,-1.19,fixed_count,0.03,right_TAI_boundary,1.0,-2.05,1.5,200,1.0,0.0,1.0,1.0,0.0,0.9999999999999989,1.9206858326015208e-14,0.03,0.0,0.005704882312045828,0.00288781840523815,26.572024915996007,0.0,40.0
40,40,-1.18,fixed_count,0.03,right_TAI_boundary,1.0,-2.05,1.5,200,1.0,0.0,1.0,1.0,0.0,0.9999999999999983,2.4646951146678475e-14,0.03,0.0,0.004451959533367202,0.0022362489724272,26.584068854534998,0.0,40.0
40,40,-1.17,fixed_count,0.03,right_TAI_boundary,1.0,-2.05,1.5,200,1.0,0.0,1.0,1.0,0.0,0.9999999999999987,1.8429702208777602e-14,0.03,0.0,0.003201057477087589,0.00161842719446455,26.54946778601501,0.0,40.0
40,40,-1.16,fixed_count,0.03,right_TAI_boundary,1.0,-2.05,1.5,200,0.995,0.07071067811865475,0.995,0.995,0.005,0.9949999999999983,1.6875389974302383e-14,0.03,0.0,0.0018913295640486415,0.00098283450791435,26.52319941451773,0.004987484335815003,40.0
40,40,-1.15,fixed_count,0.03,right_TAI_boundary,1.0,-2.05,1.5,200,0.915,0.27958152504364203,0.915,0.915,0.085,0.9149999999999977,1.9761969838327783e-14,0.03,0.0,0.0007877616633588362,0.0003896723361363,26.547322725495324,0.019719913792915014,40.0
40,40,-1.14,fixed_count,0.03,right_TAI_boundary,1.0,-2.05,1.5,200,0.145,0.35298440468347725,0.145,0.145,0.855,0.14499999999999835,2.3647750424515834e-14,0.03,0.0,0.0005831406574851602,0.00025776775648625,26.38665751102846,0.02489728900904675,40.0
40,40,-1.13,fixed_count,0.03,right_TAI_boundary,1.0,-2.05,1.5,200,0.0,0.0,0.0,0.0,1.0,-2.0075484451915413e-15,1.8800612117095452e-14,0.03,0.0,0.001771852154033548,0.00086669273416625,26.36992573949974,0.0,40.0
40,40,-1.12,fixed_count,0.03,right_TAI_boundary,1.0,-2.05,1.5,200,0.0,0.0,0.0,0.0,1.0,-1.6865112070313177e-15,1.9454392801618512e-14,0.03,0.0,0.0029597024099746734,0.0014892672064766499,25.790655488981866,0.0,40.0
40,40,-1.11,fixed_count,0.03,right_TAI_boundary,1.0,-2.05,1.5,200,0.0,0.0,0.0,0.0,1.0,-1.2962085558081108e-15,2.1506292314868242e-14,0.03,0.0,0.004153578260518805,0.0020687267758007,25.00486911100801,0.0,40.0
40,40,-1.1,fixed_count,0.03,right_TAI_boundary,1.0,-2.05,1.5,200,0.0,0.0,0.0,0.0,1.0,-2.219949862513027e-15,1.7956881639096104e-14,0.03,0.0,0.00529735807194327,0.00264666750880875,25.046383205531164,0.0,40.0
50,50,-1.2,fixed_count,0.03,right_TAI_boundary,1.0,-2.05,1.5,200,1.0,0.0,1.0,1.0,0.0,0.9999999999999964,2.7866597918091432e-14,0.03,0.0,0.006900441581071603,0.00345796151562855,88.21975773348008,0.0,50.0
50,50,-1.19,fixed_count,0.03,right_TAI_boundary,1.0,-2.05,1.5,200,1.0,0.0,1.0,1.0,0.0,0.9999999999999964,2.5424107263916085e-14,0.03,0.0,0.005598470861110541,0.0027996964131171004,88.15058266098146,0.0,50.0
50,50,-1.18,fixed_count,0.03,right_TAI_boundary,1.0,-2.05,1.5,200,1.0,0.0,1.0,1.0,0.0,0.9999999999999963,2.3092638912203256e-14,0.03,0.0,0.004409603847694428,0.0022107230660271,85.73815722151194,0.0,50.0
50,50,-1.17,fixed_count,0.03,right_TAI_boundary,1.0,-2.05,1.5,200,1.0,0.0,1.0,1.0,0.0,0.9999999999999981,2.930988785010413e-14,0.03,0.0,0.003175700318070524,0.0015908077462115,85.61418209500611,0.0,50.0
50,50,-1.16,fixed_count,0.03,right_TAI_boundary,1.0,-2.05,1.5,200,1.0,0.0,1.0,1.0,0.0,0.9999999999999966,2.930988785010413e-14,0.03,0.0,0.0019415179676001975,0.0010099311447592,82.89062681704759,0.0,50.0
50,50,-1.15,fixed_count,0.03,right_TAI_boundary,1.0,-2.05,1.5,200,0.96,0.1964509221768139,0.96,0.96,0.04,0.9599999999999966,2.398081733190338e-14,0.03,0.0,0.0006988048614433188,0.0003496287876519,79.61376079601702,0.013856406460551024,50.0
50,50,-1.14,fixed_count,0.03,right_TAI_boundary,1.0,-2.05,1.5,200,0.11,0.3136749269530399,0.11,0.11,0.89,0.10999999999999638,2.5995512724642263e-14,0.03,0.0,0.0005501035902497266,0.00026448429166314995,77.08647792400792,0.022124646889837587,50.0
50,50,-1.13,fixed_count,0.03,right_TAI_boundary,1.0,-2.05,1.5,200,0.0,0.0,0.0,0.0,1.0,-3.4640823572084942e-15,3.2903279923445846e-14,0.03,0.0,0.001674334925408086,0.0008339420960891001,75.0902211430436,0.0,50.0
50,50,-1.12,fixed_count,0.03,right_TAI_boundary,1.0,-2.05,1.5,200,0.0,0.0,0.0,0.0,1.0,-3.2871971338300183e-15,2.6188775595911753e-14,0.03,0.0,0.002973240388625774,0.00147246427407535,73.13822230302729,0.0,50.0
50,50,-1.11,fixed_count,0.03,right_TAI_boundary,1.0,-2.05,1.5,200,0.0,0.0,0.0,0.0,1.0,-2.934497915559531e-15,3.0873467595484054e-14,0.03,0.0,0.004134069164352783,0.0020580599426106997,73.26492480750196,0.0,50.0
50,50,-1.1,fixed_count,0.03,right_TAI_boundary,1.0,-2.05,1.5,200,0.0,0.0,0.0,0.0,1.0,-3.5324145866930625e-15,3.3530555985623374e-14,0.03,0.0,0.00532942857581307,0.0026416264572467,72.61975106100552,0.0,50.0
